feedback_id,customer_id,rating,comments,feedback_date
1,2,2,Comment 1,2023-01-02
2,3,3,Comment 2,2023-01-03
3,4,4,Comment 3,2023-01-04
4,5,5,Comment 4,2023-01-05
5,6,1,Comment 5,2023-01-06
6,7,2,Comment 6,2023-01-07
7,8,3,Comment 7,2023-01-08
8,9,4,Comment 8,2023-01-09
9,10,5,Comment 9,2023-01-10
10,11,1,,2023-01-11
11,12,2,Comment 11,2023-01-12
12,13,3,Comment 12,2023-01-13
13,14,4,Comment 13,2023-01-14
14,15,5,Comment 14,2023-01-15
15,16,1,Comment 15,2023-01-16
16,17,2,Comment 16,2023-01-17
17,18,3,Comment 17,2023-01-18
18,19,4,Comment 18,2023-01-19
19,20,5,Comment 19,2023-01-20
20,21,1,,2023-01-21
21,22,2,Comment 21,2023-01-22
22,23,3,Comment 22,2023-01-23
23,24,4,Comment 23,2023-01-24
24,25,5,Comment 24,2023-01-25
25,26,1,Comment 25,2023-01-26
26,27,2,Comment 26,2023-01-27
27,28,3,Comment 27,2023-01-28
28,29,4,Comment 28,2023-01-29
29,30,5,Comment 29,2023-01-30
30,31,1,,2023-01-31
31,32,2,Comment 31,2023-02-01
32,33,3,Comment 32,2023-02-02
33,34,4,Comment 33,2023-02-03
34,35,5,Comment 34,2023-02-04
35,36,1,Comment 35,2023-02-05
36,37,2,Comment 36,2023-02-06
37,38,3,Comment 37,2023-02-07
38,39,4,Comment 38,2023-02-08
39,40,5,Comment 39,2023-02-09
40,41,1,,2023-02-10
41,42,2,Comment 41,2023-02-11
42,43,3,Comment 42,2023-02-12
43,44,4,Comment 43,2023-02-13
44,45,5,Comment 44,2023-02-14
45,46,1,Comment 45,2023-02-15
46,47,2,Comment 46,2023-02-16
47,48,3,Comment 47,2023-02-17
48,49,4,Comment 48,2023-02-18
49,50,5,Comment 49,2023-02-19
50,51,1,,2023-02-20
51,52,2,Comment 51,2023-02-21
52,53,3,Comment 52,2023-02-22
53,54,4,Comment 53,2023-02-23
54,55,5,Comment 54,2023-02-24
55,56,1,Comment 55,2023-02-25
56,57,2,Comment 56,2023-02-26
57,58,3,Comment 57,2023-02-27
58,59,4,Comment 58,2023-02-28
59,60,5,Comment 59,2023-03-01
60,61,1,,2023-03-02
61,62,2,Comment 61,2023-03-03
62,63,3,Comment 62,2023-03-04
63,64,4,Comment 63,2023-03-05
64,65,5,Comment 64,2023-03-06
65,66,1,Comment 65,2023-03-07
66,67,2,Comment 66,2023-03-08
67,68,3,Comment 67,2023-03-09
68,69,4,Comment 68,2023-03-10
69,70,5,Comment 69,2023-03-11
70,71,1,,2023-03-12
71,72,2,Comment 71,2023-03-13
72,73,3,Comment 72,2023-03-14
73,74,4,Comment 73,2023-03-15
74,75,5,Comment 74,2023-03-16
75,76,1,Comment 75,2023-03-17
76,77,2,Comment 76,2023-03-18
77,78,3,Comment 77,2023-03-19
78,79,4,Comment 78,2023-03-20
79,80,5,Comment 79,2023-03-21
80,81,1,,2023-03-22
81,82,2,Comment 81,2023-03-23
82,83,3,Comment 82,2023-03-24
83,84,4,Comment 83,2023-03-25
84,85,5,Comment 84,2023-03-26
85,86,1,Comment 85,2023-03-27
86,87,2,Comment 86,2023-03-28
87,88,3,Comment 87,2023-03-29
88,89,4,Comment 88,2023-03-30
89,90,5,Comment 89,2023-03-31
90,91,1,,2023-04-01
91,92,2,Comment 91,2023-04-02
92,93,3,Comment 92,2023-04-03
93,94,4,Comment 93,2023-04-04
94,95,5,Comment 94,2023-04-05
95,96,1,Comment 95,2023-04-06
96,97,2,Comment 96,2023-04-07
97,98,3,Comment 97,2023-04-08
98,99,4,Comment 98,2023-04-09
99,100,5,Comment 99,2023-04-10
100,101,1,,2023-04-11
101,102,2,Comment 101,2023-04-12
102,103,3,Comment 102,2023-04-13
103,104,4,Comment 103,2023-04-14
104,105,5,Comment 104,2023-04-15
105,106,1,Comment 105,2023-04-16
106,107,2,Comment 106,2023-04-17
107,108,3,Comment 107,2023-04-18
108,109,4,Comment 108,2023-04-19
109,110,5,Comment 109,2023-04-20
110,111,1,,2023-04-21
111,112,2,Comment 111,2023-04-22
112,113,3,Comment 112,2023-04-23
113,114,4,Comment 113,2023-04-24
114,115,5,Comment 114,2023-04-25
115,116,1,Comment 115,2023-04-26
116,117,2,Comment 116,2023-04-27
117,118,3,Comment 117,2023-04-28
118,119,4,Comment 118,2023-04-29
119,120,5,Comment 119,2023-04-30
120,121,1,,2023-05-01
121,122,2,Comment 121,2023-05-02
122,123,3,Comment 122,2023-05-03
123,124,4,Comment 123,2023-05-04
124,125,5,Comment 124,2023-05-05
125,126,1,Comment 125,2023-05-06
126,127,2,Comment 126,2023-05-07
127,128,3,Comment 127,2023-05-08
128,129,4,Comment 128,2023-05-09
129,130,5,Comment 129,2023-05-10
130,131,1,,2023-05-11
131,132,2,Comment 131,2023-05-12
132,133,3,Comment 132,2023-05-13
133,134,4,Comment 133,2023-05-14
134,135,5,Comment 134,2023-05-15
135,136,1,Comment 135,2023-05-16
136,137,2,Comment 136,2023-05-17
137,138,3,Comment 137,2023-05-18
138,139,4,Comment 138,2023-05-19
139,140,5,Comment 139,2023-05-20
140,141,1,,2023-05-21
141,142,2,Comment 141,2023-05-22
142,143,3,Comment 142,2023-05-23
143,144,4,Comment 143,2023-05-24
144,145,5,Comment 144,2023-05-25
145,146,1,Comment 145,2023-05-26
146,147,2,Comment 146,2023-05-27
147,148,3,Comment 147,2023-05-28
148,149,4,Comment 148,2023-05-29
149,150,5,Comment 149,2023-05-30
150,151,1,,2023-05-31
151,152,2,Comment 151,2023-06-01
152,153,3,Comment 152,2023-06-02
153,154,4,Comment 153,2023-06-03
154,155,5,Comment 154,2023-06-04
155,156,1,Comment 155,2023-06-05
156,157,2,Comment 156,2023-06-06
157,158,3,Comment 157,2023-06-07
158,159,4,Comment 158,2023-06-08
159,160,5,Comment 159,2023-06-09
160,161,1,,2023-06-10
161,162,2,Comment 161,2023-06-11
162,163,3,Comment 162,2023-06-12
163,164,4,Comment 163,2023-06-13
164,165,5,Comment 164,2023-06-14
165,166,1,Comment 165,2023-06-15
166,167,2,Comment 166,2023-06-16
167,168,3,Comment 167,2023-06-17
168,169,4,Comment 168,2023-06-18
169,170,5,Comment 169,2023-06-19
170,171,1,,2023-06-20
171,172,2,Comment 171,2023-06-21
172,173,3,Comment 172,2023-06-22
173,174,4,Comment 173,2023-06-23
174,175,5,Comment 174,2023-06-24
175,176,1,Comment 175,2023-06-25
176,177,2,Comment 176,2023-06-26
177,178,3,Comment 177,2023-06-27
178,179,4,Comment 178,2023-06-28
179,180,5,Comment 179,2023-06-29
180,181,1,,2023-06-30
181,182,2,Comment 181,2023-07-01
182,183,3,Comment 182,2023-07-02
183,184,4,Comment 183,2023-07-03
184,185,5,Comment 184,2023-07-04
185,186,1,Comment 185,2023-07-05
186,187,2,Comment 186,2023-07-06
187,188,3,Comment 187,2023-07-07
188,189,4,Comment 188,2023-07-08
189,190,5,Comment 189,2023-07-09
190,191,1,,2023-07-10
191,192,2,Comment 191,2023-07-11
192,193,3,Comment 192,2023-07-12
193,194,4,Comment 193,2023-07-13
194,195,5,Comment 194,2023-07-14
195,196,1,Comment 195,2023-07-15
196,197,2,Comment 196,2023-07-16
197,198,3,Comment 197,2023-07-17
198,199,4,Comment 198,2023-07-18
199,200,5,Comment 199,2023-07-19
200,201,1,,2023-07-20
201,202,2,Comment 201,2023-07-21
202,203,3,Comment 202,2023-07-22
203,204,4,Comment 203,2023-07-23
204,205,5,Comment 204,2023-07-24
205,206,1,Comment 205,2023-07-25
206,207,2,Comment 206,2023-07-26
207,208,3,Comment 207,2023-07-27
208,209,4,Comment 208,2023-07-28
209,210,5,Comment 209,2023-07-29
210,211,1,,2023-07-30
211,212,2,Comment 211,2023-07-31
212,213,3,Comment 212,2023-08-01
213,214,4,Comment 213,2023-08-02
214,215,5,Comment 214,2023-08-03
215,216,1,Comment 215,2023-08-04
216,217,2,Comment 216,2023-08-05
217,218,3,Comment 217,2023-08-06
218,219,4,Comment 218,2023-08-07
219,220,5,Comment 219,2023-08-08
220,221,1,,2023-08-09
221,222,2,Comment 221,2023-08-10
222,223,3,Comment 222,2023-08-11
223,224,4,Comment 223,2023-08-12
224,225,5,Comment 224,2023-08-13
225,226,1,Comment 225,2023-08-14
226,227,2,Comment 226,2023-08-15
227,228,3,Comment 227,2023-08-16
228,229,4,Comment 228,2023-08-17
229,230,5,Comment 229,2023-08-18
230,231,1,,2023-08-19
231,232,2,Comment 231,2023-08-20
232,233,3,Comment 232,2023-08-21
233,234,4,Comment 233,2023-08-22
234,235,5,Comment 234,2023-08-23
235,236,1,Comment 235,2023-08-24
236,237,2,Comment 236,2023-08-25
237,238,3,Comment 237,2023-08-26
238,239,4,Comment 238,2023-08-27
239,240,5,Comment 239,2023-08-28
240,241,1,,2023-08-29
241,242,2,Comment 241,2023-08-30
242,243,3,Comment 242,2023-08-31
243,244,4,Comment 243,2023-09-01
244,245,5,Comment 244,2023-09-02
245,246,1,Comment 245,2023-09-03
246,247,2,Comment 246,2023-09-04
247,248,3,Comment 247,2023-09-05
248,249,4,Comment 248,2023-09-06
249,250,5,Comment 249,2023-09-07
250,251,1,,2023-09-08
251,252,2,Comment 251,2023-09-09
252,253,3,Comment 252,2023-09-10
253,254,4,Comment 253,2023-09-11
254,255,5,Comment 254,2023-09-12
255,256,1,Comment 255,2023-09-13
256,257,2,Comment 256,2023-09-14
257,258,3,Comment 257,2023-09-15
258,259,4,Comment 258,2023-09-16
259,260,5,Comment 259,2023-09-17
260,261,1,,2023-09-18
261,262,2,Comment 261,2023-09-19
262,263,3,Comment 262,2023-09-20
263,264,4,Comment 263,2023-09-21
264,265,5,Comment 264,2023-09-22
265,266,1,Comment 265,2023-09-23
266,267,2,Comment 266,2023-09-24
267,268,3,Comment 267,2023-09-25
268,269,4,Comment 268,2023-09-26
269,270,5,Comment 269,2023-09-27
270,271,1,,2023-09-28
271,272,2,Comment 271,2023-09-29
272,273,3,Comment 272,2023-09-30
273,274,4,Comment 273,2023-10-01
274,275,5,Comment 274,2023-10-02
275,276,1,Comment 275,2023-10-03
276,277,2,Comment 276,2023-10-04
277,278,3,Comment 277,2023-10-05
278,279,4,Comment 278,2023-10-06
279,280,5,Comment 279,2023-10-07
280,281,1,,2023-10-08
281,282,2,Comment 281,2023-10-09
282,283,3,Comment 282,2023-10-10
283,284,4,Comment 283,2023-10-11
284,285,5,Comment 284,2023-10-12
285,286,1,Comment 285,2023-10-13
286,287,2,Comment 286,2023-10-14
287,288,3,Comment 287,2023-10-15
288,289,4,Comment 288,2023-10-16
289,290,5,Comment 289,2023-10-17
290,291,1,,2023-10-18
291,292,2,Comment 291,2023-10-19
292,293,3,Comment 292,2023-10-20
293,294,4,Comment 293,2023-10-21
294,295,5,Comment 294,2023-10-22
295,296,1,Comment 295,2023-10-23
296,297,2,Comment 296,2023-10-24
297,298,3,Comment 297,2023-10-25
298,299,4,Comment 298,2023-10-26
299,300,5,Comment 299,2023-10-27
300,301,1,,2023-10-28
301,302,2,Comment 301,2023-10-29
302,303,3,Comment 302,2023-10-30
303,304,4,Comment 303,2023-10-31
304,305,5,Comment 304,2023-11-01
305,306,1,Comment 305,2023-11-02
306,307,2,Comment 306,2023-11-03
307,308,3,Comment 307,2023-11-04
308,309,4,Comment 308,2023-11-05
309,310,5,Comment 309,2023-11-06
310,311,1,,2023-11-07
311,312,2,Comment 311,2023-11-08
312,313,3,Comment 312,2023-11-09
313,314,4,Comment 313,2023-11-10
314,315,5,Comment 314,2023-11-11
315,316,1,Comment 315,2023-11-12
316,317,2,Comment 316,2023-11-13
317,318,3,Comment 317,2023-11-14
318,319,4,Comment 318,2023-11-15
319,320,5,Comment 319,2023-11-16
320,321,1,,2023-11-17
321,322,2,Comment 321,2023-11-18
322,323,3,Comment 322,2023-11-19
323,324,4,Comment 323,2023-11-20
324,325,5,Comment 324,2023-11-21
325,326,1,Comment 325,2023-11-22
326,327,2,Comment 326,2023-11-23
327,328,3,Comment 327,2023-11-24
328,329,4,Comment 328,2023-11-25
329,330,5,Comment 329,2023-11-26
330,331,1,,2023-11-27
331,332,2,Comment 331,2023-11-28
332,333,3,Comment 332,2023-11-29
333,334,4,Comment 333,2023-11-30
334,335,5,Comment 334,2023-12-01
335,336,1,Comment 335,2023-12-02
336,337,2,Comment 336,2023-12-03
337,338,3,Comment 337,2023-12-04
338,339,4,Comment 338,2023-12-05
339,340,5,Comment 339,2023-12-06
340,341,1,,2023-12-07
341,342,2,Comment 341,2023-12-08
342,343,3,Comment 342,2023-12-09
343,344,4,Comment 343,2023-12-10
344,345,5,Comment 344,2023-12-11
345,346,1,Comment 345,2023-12-12
346,347,2,Comment 346,2023-12-13
347,348,3,Comment 347,2023-12-14
348,349,4,Comment 348,2023-12-15
349,350,5,Comment 349,2023-12-16
350,351,1,,2023-12-17
351,352,2,Comment 351,2023-12-18
352,353,3,Comment 352,2023-12-19
353,354,4,Comment 353,2023-12-20
354,355,5,Comment 354,2023-12-21
355,356,1,Comment 355,2023-12-22
356,357,2,Comment 356,2023-12-23
357,358,3,Comment 357,2023-12-24
358,359,4,Comment 358,2023-12-25
359,360,5,Comment 359,2023-12-26
360,361,1,,2023-12-27
361,362,2,Comment 361,2023-12-28
362,363,3,Comment 362,2023-12-29
363,364,4,Comment 363,2023-12-30
364,365,5,Comment 364,2023-12-31
365,366,1,Comment 365,2023-01-01
366,367,2,Comment 366,2023-01-02
367,368,3,Comment 367,2023-01-03
368,369,4,Comment 368,2023-01-04
369,370,5,Comment 369,2023-01-05
370,371,1,,2023-01-06
371,372,2,Comment 371,2023-01-07
372,373,3,Comment 372,2023-01-08
373,374,4,Comment 373,2023-01-09
374,375,5,Comment 374,2023-01-10
375,376,1,Comment 375,2023-01-11
376,377,2,Comment 376,2023-01-12
377,378,3,Comment 377,2023-01-13
378,379,4,Comment 378,2023-01-14
379,380,5,Comment 379,2023-01-15
380,381,1,,2023-01-16
381,382,2,Comment 381,2023-01-17
382,383,3,Comment 382,2023-01-18
383,384,4,Comment 383,2023-01-19
384,385,5,Comment 384,2023-01-20
385,386,1,Comment 385,2023-01-21
386,387,2,Comment 386,2023-01-22
387,388,3,Comment 387,2023-01-23
388,389,4,Comment 388,2023-01-24
389,390,5,Comment 389,2023-01-25
390,391,1,,2023-01-26
391,392,2,Comment 391,2023-01-27
392,393,3,Comment 392,2023-01-28
393,394,4,Comment 393,2023-01-29
394,395,5,Comment 394,2023-01-30
395,396,1,Comment 395,2023-01-31
396,397,2,Comment 396,2023-02-01
397,398,3,Comment 397,2023-02-02
398,399,4,Comment 398,2023-02-03
399,400,5,Comment 399,2023-02-04
400,401,1,,2023-02-05
401,402,2,Comment 401,2023-02-06
402,403,3,Comment 402,2023-02-07
403,404,4,Comment 403,2023-02-08
404,405,5,Comment 404,2023-02-09
405,406,1,Comment 405,2023-02-10
406,407,2,Comment 406,2023-02-11
407,408,3,Comment 407,2023-02-12
408,409,4,Comment 408,2023-02-13
409,410,5,Comment 409,2023-02-14
410,411,1,,2023-02-15
411,412,2,Comment 411,2023-02-16
412,413,3,Comment 412,2023-02-17
413,414,4,Comment 413,2023-02-18
414,415,5,Comment 414,2023-02-19
415,416,1,Comment 415,2023-02-20
416,417,2,Comment 416,2023-02-21
417,418,3,Comment 417,2023-02-22
418,419,4,Comment 418,2023-02-23
419,420,5,Comment 419,2023-02-24
420,421,1,,2023-02-25
421,422,2,Comment 421,2023-02-26
422,423,3,Comment 422,2023-02-27
423,424,4,Comment 423,2023-02-28
424,425,5,Comment 424,2023-03-01
425,426,1,Comment 425,2023-03-02
426,427,2,Comment 426,2023-03-03
427,428,3,Comment 427,2023-03-04
428,429,4,Comment 428,2023-03-05
429,430,5,Comment 429,2023-03-06
430,431,1,,2023-03-07
431,432,2,Comment 431,2023-03-08
432,433,3,Comment 432,2023-03-09
433,434,4,Comment 433,2023-03-10
434,435,5,Comment 434,2023-03-11
435,436,1,Comment 435,2023-03-12
436,437,2,Comment 436,2023-03-13
437,438,3,Comment 437,2023-03-14
438,439,4,Comment 438,2023-03-15
439,440,5,Comment 439,2023-03-16
440,441,1,,2023-03-17
441,442,2,Comment 441,2023-03-18
442,443,3,Comment 442,2023-03-19
443,444,4,Comment 443,2023-03-20
444,445,5,Comment 444,2023-03-21
445,446,1,Comment 445,2023-03-22
446,447,2,Comment 446,2023-03-23
447,448,3,Comment 447,2023-03-24
448,449,4,Comment 448,2023-03-25
449,450,5,Comment 449,2023-03-26
450,451,1,,2023-03-27
451,452,2,Comment 451,2023-03-28
452,453,3,Comment 452,2023-03-29
453,454,4,Comment 453,2023-03-30
454,455,5,Comment 454,2023-03-31
455,456,1,Comment 455,2023-04-01
456,457,2,Comment 456,2023-04-02
457,458,3,Comment 457,2023-04-03
458,459,4,Comment 458,2023-04-04
459,460,5,Comment 459,2023-04-05
460,461,1,,2023-04-06
461,462,2,Comment 461,2023-04-07
462,463,3,Comment 462,2023-04-08
463,464,4,Comment 463,2023-04-09
464,465,5,Comment 464,2023-04-10
465,466,1,Comment 465,2023-04-11
466,467,2,Comment 466,2023-04-12
467,468,3,Comment 467,2023-04-13
468,469,4,Comment 468,2023-04-14
469,470,5,Comment 469,2023-04-15
470,471,1,,2023-04-16
471,472,2,Comment 471,2023-04-17
472,473,3,Comment 472,2023-04-18
473,474,4,Comment 473,2023-04-19
474,475,5,Comment 474,2023-04-20
475,476,1,Comment 475,2023-04-21
476,477,2,Comment 476,2023-04-22
477,478,3,Comment 477,2023-04-23
478,479,4,Comment 478,2023-04-24
479,480,5,Comment 479,2023-04-25
480,481,1,,2023-04-26
481,482,2,Comment 481,2023-04-27
482,483,3,Comment 482,2023-04-28
483,484,4,Comment 483,2023-04-29
484,485,5,Comment 484,2023-04-30
485,486,1,Comment 485,2023-05-01
486,487,2,Comment 486,2023-05-02
487,488,3,Comment 487,2023-05-03
488,489,4,Comment 488,2023-05-04
489,490,5,Comment 489,2023-05-05
490,491,1,,2023-05-06
491,492,2,Comment 491,2023-05-07
492,493,3,Comment 492,2023-05-08
493,494,4,Comment 493,2023-05-09
494,495,5,Comment 494,2023-05-10
495,496,1,Comment 495,2023-05-11
496,497,2,Comment 496,2023-05-12
497,498,3,Comment 497,2023-05-13
498,499,4,Comment 498,2023-05-14
499,500,5,Comment 499,2023-05-15
500,501,1,,2023-05-16
501,502,2,Comment 501,2023-05-17
502,503,3,Comment 502,2023-05-18
503,504,4,Comment 503,2023-05-19
504,505,5,Comment 504,2023-05-20
505,506,1,Comment 505,2023-05-21
506,507,2,Comment 506,2023-05-22
507,508,3,Comment 507,2023-05-23
508,509,4,Comment 508,2023-05-24
509,510,5,Comment 509,2023-05-25
510,511,1,,2023-05-26
511,512,2,Comment 511,2023-05-27
512,513,3,Comment 512,2023-05-28
513,514,4,Comment 513,2023-05-29
514,515,5,Comment 514,2023-05-30
515,516,1,Comment 515,2023-05-31
516,517,2,Comment 516,2023-06-01
517,518,3,Comment 517,2023-06-02
518,519,4,Comment 518,2023-06-03
519,520,5,Comment 519,2023-06-04
520,521,1,,2023-06-05
521,522,2,Comment 521,2023-06-06
522,523,3,Comment 522,2023-06-07
523,524,4,Comment 523,2023-06-08
524,525,5,Comment 524,2023-06-09
525,526,1,Comment 525,2023-06-10
526,527,2,Comment 526,2023-06-11
527,528,3,Comment 527,2023-06-12
528,529,4,Comment 528,2023-06-13
529,530,5,Comment 529,2023-06-14
530,531,1,,2023-06-15
531,532,2,Comment 531,2023-06-16
532,533,3,Comment 532,2023-06-17
533,534,4,Comment 533,2023-06-18
534,535,5,Comment 534,2023-06-19
535,536,1,Comment 535,2023-06-20
536,537,2,Comment 536,2023-06-21
537,538,3,Comment 537,2023-06-22
538,539,4,Comment 538,2023-06-23
539,540,5,Comment 539,2023-06-24
540,541,1,,2023-06-25
541,542,2,Comment 541,2023-06-26
542,543,3,Comment 542,2023-06-27
543,544,4,Comment 543,2023-06-28
544,545,5,Comment 544,2023-06-29
545,546,1,Comment 545,2023-06-30
546,547,2,Comment 546,2023-07-01
547,548,3,Comment 547,2023-07-02
548,549,4,Comment 548,2023-07-03
549,550,5,Comment 549,2023-07-04
550,551,1,,2023-07-05
551,552,2,Comment 551,2023-07-06
552,553,3,Comment 552,2023-07-07
553,554,4,Comment 553,2023-07-08
554,555,5,Comment 554,2023-07-09
555,556,1,Comment 555,2023-07-10
556,557,2,Comment 556,2023-07-11
557,558,3,Comment 557,2023-07-12
558,559,4,Comment 558,2023-07-13
559,560,5,Comment 559,2023-07-14
560,561,1,,2023-07-15
561,562,2,Comment 561,2023-07-16
562,563,3,Comment 562,2023-07-17
563,564,4,Comment 563,2023-07-18
564,565,5,Comment 564,2023-07-19
565,566,1,Comment 565,2023-07-20
566,567,2,Comment 566,2023-07-21
567,568,3,Comment 567,2023-07-22
568,569,4,Comment 568,2023-07-23
569,570,5,Comment 569,2023-07-24
570,571,1,,2023-07-25
571,572,2,Comment 571,2023-07-26
572,573,3,Comment 572,2023-07-27
573,574,4,Comment 573,2023-07-28
574,575,5,Comment 574,2023-07-29
575,576,1,Comment 575,2023-07-30
576,577,2,Comment 576,2023-07-31
577,578,3,Comment 577,2023-08-01
578,579,4,Comment 578,2023-08-02
579,580,5,Comment 579,2023-08-03
580,581,1,,2023-08-04
581,582,2,Comment 581,2023-08-05
582,583,3,Comment 582,2023-08-06
583,584,4,Comment 583,2023-08-07
584,585,5,Comment 584,2023-08-08
585,586,1,Comment 585,2023-08-09
586,587,2,Comment 586,2023-08-10
587,588,3,Comment 587,2023-08-11
588,589,4,Comment 588,2023-08-12
589,590,5,Comment 589,2023-08-13
590,591,1,,2023-08-14
591,592,2,Comment 591,2023-08-15
592,593,3,Comment 592,2023-08-16
593,594,4,Comment 593,2023-08-17
594,595,5,Comment 594,2023-08-18
595,596,1,Comment 595,2023-08-19
596,597,2,Comment 596,2023-08-20
597,598,3,Comment 597,2023-08-21
598,599,4,Comment 598,2023-08-22
599,600,5,Comment 599,2023-08-23
600,601,1,,2023-08-24
601,602,2,Comment 601,2023-08-25
602,603,3,Comment 602,2023-08-26
603,604,4,Comment 603,2023-08-27
604,605,5,Comment 604,2023-08-28
605,606,1,Comment 605,2023-08-29
606,607,2,Comment 606,2023-08-30
607,608,3,Comment 607,2023-08-31
608,609,4,Comment 608,2023-09-01
609,610,5,Comment 609,2023-09-02
610,611,1,,2023-09-03
611,612,2,Comment 611,2023-09-04
612,613,3,Comment 612,2023-09-05
613,614,4,Comment 613,2023-09-06
614,615,5,Comment 614,2023-09-07
615,616,1,Comment 615,2023-09-08
616,617,2,Comment 616,2023-09-09
617,618,3,Comment 617,2023-09-10
618,619,4,Comment 618,2023-09-11
619,620,5,Comment 619,2023-09-12
620,621,1,,2023-09-13
621,622,2,Comment 621,2023-09-14
622,623,3,Comment 622,2023-09-15
623,624,4,Comment 623,2023-09-16
624,625,5,Comment 624,2023-09-17
625,626,1,Comment 625,2023-09-18
626,627,2,Comment 626,2023-09-19
627,628,3,Comment 627,2023-09-20
628,629,4,Comment 628,2023-09-21
629,630,5,Comment 629,2023-09-22
630,631,1,,2023-09-23
631,632,2,Comment 631,2023-09-24
632,633,3,Comment 632,2023-09-25
633,634,4,Comment 633,2023-09-26
634,635,5,Comment 634,2023-09-27
635,636,1,Comment 635,2023-09-28
636,637,2,Comment 636,2023-09-29
637,638,3,Comment 637,2023-09-30
638,639,4,Comment 638,2023-10-01
639,640,5,Comment 639,2023-10-02
640,641,1,,2023-10-03
641,642,2,Comment 641,2023-10-04
642,643,3,Comment 642,2023-10-05
643,644,4,Comment 643,2023-10-06
644,645,5,Comment 644,2023-10-07
645,646,1,Comment 645,2023-10-08
646,647,2,Comment 646,2023-10-09
647,648,3,Comment 647,2023-10-10
648,649,4,Comment 648,2023-10-11
649,650,5,Comment 649,2023-10-12
650,651,1,,2023-10-13
651,652,2,Comment 651,2023-10-14
652,653,3,Comment 652,2023-10-15
653,654,4,Comment 653,2023-10-16
654,655,5,Comment 654,2023-10-17
655,656,1,Comment 655,2023-10-18
656,657,2,Comment 656,2023-10-19
657,658,3,Comment 657,2023-10-20
658,659,4,Comment 658,2023-10-21
659,660,5,Comment 659,2023-10-22
660,661,1,,2023-10-23
661,662,2,Comment 661,2023-10-24
662,663,3,Comment 662,2023-10-25
663,664,4,Comment 663,2023-10-26
664,665,5,Comment 664,2023-10-27
665,666,1,Comment 665,2023-10-28
666,667,2,Comment 666,2023-10-29
667,668,3,Comment 667,2023-10-30
668,669,4,Comment 668,2023-10-31
669,670,5,Comment 669,2023-11-01
670,671,1,,2023-11-02
671,672,2,Comment 671,2023-11-03
672,673,3,Comment 672,2023-11-04
673,674,4,Comment 673,2023-11-05
674,675,5,Comment 674,2023-11-06
675,676,1,Comment 675,2023-11-07
676,677,2,Comment 676,2023-11-08
677,678,3,Comment 677,2023-11-09
678,679,4,Comment 678,2023-11-10
679,680,5,Comment 679,2023-11-11
680,681,1,,2023-11-12
681,682,2,Comment 681,2023-11-13
682,683,3,Comment 682,2023-11-14
683,684,4,Comment 683,2023-11-15
684,685,5,Comment 684,2023-11-16
685,686,1,Comment 685,2023-11-17
686,687,2,Comment 686,2023-11-18
687,688,3,Comment 687,2023-11-19
688,689,4,Comment 688,2023-11-20
689,690,5,Comment 689,2023-11-21
690,691,1,,2023-11-22
691,692,2,Comment 691,2023-11-23
692,693,3,Comment 692,2023-11-24
693,694,4,Comment 693,2023-11-25
694,695,5,Comment 694,2023-11-26
695,696,1,Comment 695,2023-11-27
696,697,2,Comment 696,2023-11-28
697,698,3,Comment 697,2023-11-29
698,699,4,Comment 698,2023-11-30
699,700,5,Comment 699,2023-12-01
700,701,1,,2023-12-02
701,702,2,Comment 701,2023-12-03
702,703,3,Comment 702,2023-12-04
703,704,4,Comment 703,2023-12-05
704,705,5,Comment 704,2023-12-06
705,706,1,Comment 705,2023-12-07
706,707,2,Comment 706,2023-12-08
707,708,3,Comment 707,2023-12-09
708,709,4,Comment 708,2023-12-10
709,710,5,Comment 709,2023-12-11
710,711,1,,2023-12-12
711,712,2,Comment 711,2023-12-13
712,713,3,Comment 712,2023-12-14
713,714,4,Comment 713,2023-12-15
714,715,5,Comment 714,2023-12-16
715,716,1,Comment 715,2023-12-17
716,717,2,Comment 716,2023-12-18
717,718,3,Comment 717,2023-12-19
718,719,4,Comment 718,2023-12-20
719,720,5,Comment 719,2023-12-21
720,721,1,,2023-12-22
721,722,2,Comment 721,2023-12-23
722,723,3,Comment 722,2023-12-24
723,724,4,Comment 723,2023-12-25
724,725,5,Comment 724,2023-12-26
725,726,1,Comment 725,2023-12-27
726,727,2,Comment 726,2023-12-28
727,728,3,Comment 727,2023-12-29
728,729,4,Comment 728,2023-12-30
729,730,5,Comment 729,2023-12-31
730,731,1,,2023-01-01
731,732,2,Comment 731,2023-01-02
732,733,3,Comment 732,2023-01-03
733,734,4,Comment 733,2023-01-04
734,735,5,Comment 734,2023-01-05
735,736,1,Comment 735,2023-01-06
736,737,2,Comment 736,2023-01-07
737,738,3,Comment 737,2023-01-08
738,739,4,Comment 738,2023-01-09
739,740,5,Comment 739,2023-01-10
740,741,1,,2023-01-11
741,742,2,Comment 741,2023-01-12
742,743,3,Comment 742,2023-01-13
743,744,4,Comment 743,2023-01-14
744,745,5,Comment 744,2023-01-15
745,746,1,Comment 745,2023-01-16
746,747,2,Comment 746,2023-01-17
747,748,3,Comment 747,2023-01-18
748,749,4,Comment 748,2023-01-19
749,750,5,Comment 749,2023-01-20
750,751,1,,2023-01-21
751,752,2,Comment 751,2023-01-22
752,753,3,Comment 752,2023-01-23
753,754,4,Comment 753,2023-01-24
754,755,5,Comment 754,2023-01-25
755,756,1,Comment 755,2023-01-26
756,757,2,Comment 756,2023-01-27
757,758,3,Comment 757,2023-01-28
758,759,4,Comment 758,2023-01-29
759,760,5,Comment 759,2023-01-30
760,761,1,,2023-01-31
761,762,2,Comment 761,2023-02-01
762,763,3,Comment 762,2023-02-02
763,764,4,Comment 763,2023-02-03
764,765,5,Comment 764,2023-02-04
765,766,1,Comment 765,2023-02-05
766,767,2,Comment 766,2023-02-06
767,768,3,Comment 767,2023-02-07
768,769,4,Comment 768,2023-02-08
769,770,5,Comment 769,2023-02-09
770,771,1,,2023-02-10
771,772,2,Comment 771,2023-02-11
772,773,3,Comment 772,2023-02-12
773,774,4,Comment 773,2023-02-13
774,775,5,Comment 774,2023-02-14
775,776,1,Comment 775,2023-02-15
776,777,2,Comment 776,2023-02-16
777,778,3,Comment 777,2023-02-17
778,779,4,Comment 778,2023-02-18
779,780,5,Comment 779,2023-02-19
780,781,1,,2023-02-20
781,782,2,Comment 781,2023-02-21
782,783,3,Comment 782,2023-02-22
783,784,4,Comment 783,2023-02-23
784,785,5,Comment 784,2023-02-24
785,786,1,Comment 785,2023-02-25
786,787,2,Comment 786,2023-02-26
787,788,3,Comment 787,2023-02-27
788,789,4,Comment 788,2023-02-28
789,790,5,Comment 789,2023-03-01
790,791,1,,2023-03-02
791,792,2,Comment 791,2023-03-03
792,793,3,Comment 792,2023-03-04
793,794,4,Comment 793,2023-03-05
794,795,5,Comment 794,2023-03-06
795,796,1,Comment 795,2023-03-07
796,797,2,Comment 796,2023-03-08
797,798,3,Comment 797,2023-03-09
798,799,4,Comment 798,2023-03-10
799,800,5,Comment 799,2023-03-11
800,801,1,,2023-03-12
801,802,2,Comment 801,2023-03-13
802,803,3,Comment 802,2023-03-14
803,804,4,Comment 803,2023-03-15
804,805,5,Comment 804,2023-03-16
805,806,1,Comment 805,2023-03-17
806,807,2,Comment 806,2023-03-18
807,808,3,Comment 807,2023-03-19
808,809,4,Comment 808,2023-03-20
809,810,5,Comment 809,2023-03-21
810,811,1,,2023-03-22
811,812,2,Comment 811,2023-03-23
812,813,3,Comment 812,2023-03-24
813,814,4,Comment 813,2023-03-25
814,815,5,Comment 814,2023-03-26
815,816,1,Comment 815,2023-03-27
816,817,2,Comment 816,2023-03-28
817,818,3,Comment 817,2023-03-29
818,819,4,Comment 818,2023-03-30
819,820,5,Comment 819,2023-03-31
820,821,1,,2023-04-01
821,822,2,Comment 821,2023-04-02
822,823,3,Comment 822,2023-04-03
823,824,4,Comment 823,2023-04-04
824,825,5,Comment 824,2023-04-05
825,826,1,Comment 825,2023-04-06
826,827,2,Comment 826,2023-04-07
827,828,3,Comment 827,2023-04-08
828,829,4,Comment 828,2023-04-09
829,830,5,Comment 829,2023-04-10
830,831,1,,2023-04-11
831,832,2,Comment 831,2023-04-12
832,833,3,Comment 832,2023-04-13
833,834,4,Comment 833,2023-04-14
834,835,5,Comment 834,2023-04-15
835,836,1,Comment 835,2023-04-16
836,837,2,Comment 836,2023-04-17
837,838,3,Comment 837,2023-04-18
838,839,4,Comment 838,2023-04-19
839,840,5,Comment 839,2023-04-20
840,841,1,,2023-04-21
841,842,2,Comment 841,2023-04-22
842,843,3,Comment 842,2023-04-23
843,844,4,Comment 843,2023-04-24
844,845,5,Comment 844,2023-04-25
845,846,1,Comment 845,2023-04-26
846,847,2,Comment 846,2023-04-27
847,848,3,Comment 847,2023-04-28
848,849,4,Comment 848,2023-04-29
849,850,5,Comment 849,2023-04-30
850,851,1,,2023-05-01
851,852,2,Comment 851,2023-05-02
852,853,3,Comment 852,2023-05-03
853,854,4,Comment 853,2023-05-04
854,855,5,Comment 854,2023-05-05
855,856,1,Comment 855,2023-05-06
856,857,2,Comment 856,2023-05-07
857,858,3,Comment 857,2023-05-08
858,859,4,Comment 858,2023-05-09
859,860,5,Comment 859,2023-05-10
860,861,1,,2023-05-11
861,862,2,Comment 861,2023-05-12
862,863,3,Comment 862,2023-05-13
863,864,4,Comment 863,2023-05-14
864,865,5,Comment 864,2023-05-15
865,866,1,Comment 865,2023-05-16
866,867,2,Comment 866,2023-05-17
867,868,3,Comment 867,2023-05-18
868,869,4,Comment 868,2023-05-19
869,870,5,Comment 869,2023-05-20
870,871,1,,2023-05-21
871,872,2,Comment 871,2023-05-22
872,873,3,Comment 872,2023-05-23
873,874,4,Comment 873,2023-05-24
874,875,5,Comment 874,2023-05-25
875,876,1,Comment 875,2023-05-26
876,877,2,Comment 876,2023-05-27
877,878,3,Comment 877,2023-05-28
878,879,4,Comment 878,2023-05-29
879,880,5,Comment 879,2023-05-30
880,881,1,,2023-05-31
881,882,2,Comment 881,2023-06-01
882,883,3,Comment 882,2023-06-02
883,884,4,Comment 883,2023-06-03
884,885,5,Comment 884,2023-06-04
885,886,1,Comment 885,2023-06-05
886,887,2,Comment 886,2023-06-06
887,888,3,Comment 887,2023-06-07
888,889,4,Comment 888,2023-06-08
889,890,5,Comment 889,2023-06-09
890,891,1,,2023-06-10
891,892,2,Comment 891,2023-06-11
892,893,3,Comment 892,2023-06-12
893,894,4,Comment 893,2023-06-13
894,895,5,Comment 894,2023-06-14
895,896,1,Comment 895,2023-06-15
896,897,2,Comment 896,2023-06-16
897,898,3,Comment 897,2023-06-17
898,899,4,Comment 898,2023-06-18
899,900,5,Comment 899,2023-06-19
900,901,1,,2023-06-20
901,902,2,Comment 901,2023-06-21
902,903,3,Comment 902,2023-06-22
903,904,4,Comment 903,2023-06-23
904,905,5,Comment 904,2023-06-24
905,906,1,Comment 905,2023-06-25
906,907,2,Comment 906,2023-06-26
907,908,3,Comment 907,2023-06-27
908,909,4,Comment 908,2023-06-28
909,910,5,Comment 909,2023-06-29
910,911,1,,2023-06-30
911,912,2,Comment 911,2023-07-01
912,913,3,Comment 912,2023-07-02
913,914,4,Comment 913,2023-07-03
914,915,5,Comment 914,2023-07-04
915,916,1,Comment 915,2023-07-05
916,917,2,Comment 916,2023-07-06
917,918,3,Comment 917,2023-07-07
918,919,4,Comment 918,2023-07-08
919,920,5,Comment 919,2023-07-09
920,921,1,,2023-07-10
921,922,2,Comment 921,2023-07-11
922,923,3,Comment 922,2023-07-12
923,924,4,Comment 923,2023-07-13
924,925,5,Comment 924,2023-07-14
925,926,1,Comment 925,2023-07-15
926,927,2,Comment 926,2023-07-16
927,928,3,Comment 927,2023-07-17
928,929,4,Comment 928,2023-07-18
929,930,5,Comment 929,2023-07-19
930,931,1,,2023-07-20
931,932,2,Comment 931,2023-07-21
932,933,3,Comment 932,2023-07-22
933,934,4,Comment 933,2023-07-23
934,935,5,Comment 934,2023-07-24
935,936,1,Comment 935,2023-07-25
936,937,2,Comment 936,2023-07-26
937,938,3,Comment 937,2023-07-27
938,939,4,Comment 938,2023-07-28
939,940,5,Comment 939,2023-07-29
940,941,1,,2023-07-30
941,942,2,Comment 941,2023-07-31
942,943,3,Comment 942,2023-08-01
943,944,4,Comment 943,2023-08-02
944,945,5,Comment 944,2023-08-03
945,946,1,Comment 945,2023-08-04
946,947,2,Comment 946,2023-08-05
947,948,3,Comment 947,2023-08-06
948,949,4,Comment 948,2023-08-07
949,950,5,Comment 949,2023-08-08
950,951,1,,2023-08-09
951,952,2,Comment 951,2023-08-10
952,953,3,Comment 952,2023-08-11
953,954,4,Comment 953,2023-08-12
954,955,5,Comment 954,2023-08-13
955,956,1,Comment 955,2023-08-14
956,957,2,Comment 956,2023-08-15
957,958,3,Comment 957,2023-08-16
958,959,4,Comment 958,2023-08-17
959,960,5,Comment 959,2023-08-18
960,961,1,,2023-08-19
961,962,2,Comment 961,2023-08-20
962,963,3,Comment 962,2023-08-21
963,964,4,Comment 963,2023-08-22
964,965,5,Comment 964,2023-08-23
965,966,1,Comment 965,2023-08-24
966,967,2,Comment 966,2023-08-25
967,968,3,Comment 967,2023-08-26
968,969,4,Comment 968,2023-08-27
969,970,5,Comment 969,2023-08-28
970,971,1,,2023-08-29
971,972,2,Comment 971,2023-08-30
972,973,3,Comment 972,2023-08-31
973,974,4,Comment 973,2023-09-01
974,975,5,Comment 974,2023-09-02
975,976,1,Comment 975,2023-09-03
976,977,2,Comment 976,2023-09-04
977,978,3,Comment 977,2023-09-05
978,979,4,Comment 978,2023-09-06
979,980,5,Comment 979,2023-09-07
980,981,1,,2023-09-08
981,982,2,Comment 981,2023-09-09
982,983,3,Comment 982,2023-09-10
983,984,4,Comment 983,2023-09-11
984,985,5,Comment 984,2023-09-12
985,986,1,Comment 985,2023-09-13
986,987,2,Comment 986,2023-09-14
987,988,3,Comment 987,2023-09-15
988,989,4,Comment 988,2023-09-16
989,990,5,Comment 989,2023-09-17
990,991,1,,2023-09-18
991,992,2,Comment 991,2023-09-19
992,993,3,Comment 992,2023-09-20
993,994,4,Comment 993,2023-09-21
994,995,5,Comment 994,2023-09-22
995,996,1,Comment 995,2023-09-23
996,997,2,Comment 996,2023-09-24
997,998,3,Comment 997,2023-09-25
998,999,4,Comment 998,2023-09-26
999,1000,5,Comment 999,2023-09-27
1000,1,1,,2023-09-28
