interaction_id,customer_id,employee_id,interaction_type,interaction_date,duration
1,2,2,Email,2023-01-02T01:01:00,2
2,3,3,Meeting,2023-01-03T02:02:00,3
3,4,4,Call,2023-01-04T03:03:00,4
4,5,5,Email,2023-01-05T04:04:00,5
5,6,6,Meeting,2023-01-06T05:05:00,6
6,7,7,Call,2023-01-07T06:06:00,7
7,8,8,Email,2023-01-08T07:07:00,8
8,9,9,Meeting,2023-01-09T08:08:00,9
9,10,10,Call,2023-01-10T09:09:00,10
10,11,11,Email,2023-01-11T10:10:00,11
11,12,12,Meeting,2023-01-12T11:11:00,12
12,13,13,Call,2023-01-13T12:12:00,13
13,14,14,Email,2023-01-14T13:13:00,14
14,15,15,Meeting,2023-01-15T14:14:00,15
15,16,16,Call,2023-01-16T15:15:00,16
16,17,17,Email,2023-01-17T16:16:00,17
17,18,18,Meeting,2023-01-18T17:17:00,18
18,19,19,Call,2023-01-19T18:18:00,19
19,20,20,Email,2023-01-20T19:19:00,20
20,21,21,Meeting,2023-01-21T20:20:00,21
21,22,22,Call,2023-01-22T21:21:00,22
22,23,23,Email,2023-01-23T22:22:00,23
23,24,24,Meeting,2023-01-24T23:23:00,24
24,25,25,Call,2023-01-25T00:24:00,25
25,26,26,Email,2023-01-26T01:25:00,26
26,27,27,Meeting,2023-01-27T02:26:00,27
27,28,28,Call,2023-01-28T03:27:00,28
28,29,29,Email,2023-01-29T04:28:00,29
29,30,30,Meeting,2023-01-30T05:29:00,30
30,31,31,Call,2023-01-31T06:30:00,31
31,32,32,Email,2023-02-01T07:31:00,32
32,33,33,Meeting,2023-02-02T08:32:00,33
33,34,34,Call,2023-02-03T09:33:00,34
34,35,35,Email,2023-02-04T10:34:00,35
35,36,36,Meeting,2023-02-05T11:35:00,36
36,37,37,Call,2023-02-06T12:36:00,37
37,38,38,Email,2023-02-07T13:37:00,38
38,39,39,Meeting,2023-02-08T14:38:00,39
39,40,40,Call,2023-02-09T15:39:00,40
40,41,41,Email,2023-02-10T16:40:00,41
41,42,42,Meeting,2023-02-11T17:41:00,42
42,43,43,Call,2023-02-12T18:42:00,43
43,44,44,Email,2023-02-13T19:43:00,44
44,45,45,Meeting,2023-02-14T20:44:00,45
45,46,46,Call,2023-02-15T21:45:00,46
46,47,47,Email,2023-02-16T22:46:00,47
47,48,48,Meeting,2023-02-17T23:47:00,48
48,49,49,Call,2023-02-18T00:48:00,49
49,50,50,Email,2023-02-19T01:49:00,50
50,51,51,Meeting,2023-02-20T02:50:00,51
51,52,52,Call,2023-02-21T03:51:00,52
52,53,53,Email,2023-02-22T04:52:00,53
53,54,54,Meeting,2023-02-23T05:53:00,54
54,55,55,Call,2023-02-24T06:54:00,55
55,56,56,Email,2023-02-25T07:55:00,56
56,57,57,Meeting,2023-02-26T08:56:00,57
57,58,58,Call,2023-02-27T09:57:00,58
58,59,59,Email,2023-02-28T10:58:00,59
59,60,60,Meeting,2023-03-01T11:59:00,60
60,61,61,Call,2023-03-02T12:00:00,1
61,62,62,Email,2023-03-03T13:01:00,2
62,63,63,Meeting,2023-03-04T14:02:00,3
63,64,64,Call,2023-03-05T15:03:00,4
64,65,65,Email,2023-03-06T16:04:00,5
65,66,66,Meeting,2023-03-07T17:05:00,6
66,67,67,Call,2023-03-08T18:06:00,7
67,68,68,Email,2023-03-09T19:07:00,8
68,69,69,Meeting,2023-03-10T20:08:00,9
69,70,70,Call,2023-03-11T21:09:00,10
70,71,71,Email,2023-03-12T22:10:00,11
71,72,72,Meeting,2023-03-13T23:11:00,12
72,73,73,Call,2023-03-14T00:12:00,13
73,74,74,Email,2023-03-15T01:13:00,14
74,75,75,Meeting,2023-03-16T02:14:00,15
75,76,76,Call,2023-03-17T03:15:00,16
76,77,77,Email,2023-03-18T04:16:00,17
77,78,78,Meeting,2023-03-19T05:17:00,18
78,79,79,Call,2023-03-20T06:18:00,19
79,80,80,Email,2023-03-21T07:19:00,20
80,81,81,Meeting,2023-03-22T08:20:00,21
81,82,82,Call,2023-03-23T09:21:00,22
82,83,83,Email,2023-03-24T10:22:00,23
83,84,84,Meeting,2023-03-25T11:23:00,24
84,85,85,Call,2023-03-26T12:24:00,25
85,86,86,Email,2023-03-27T13:25:00,26
86,87,87,Meeting,2023-03-28T14:26:00,27
87,88,88,Call,2023-03-29T15:27:00,28
88,89,89,Email,2023-03-30T16:28:00,29
89,90,90,Meeting,2023-03-31T17:29:00,30
90,91,91,Call,2023-04-01T18:30:00,31
91,92,92,Email,2023-04-02T19:31:00,32
92,93,93,Meeting,2023-04-03T20:32:00,33
93,94,94,Call,2023-04-04T21:33:00,34
94,95,95,Email,2023-04-05T22:34:00,35
95,96,96,Meeting,2023-04-06T23:35:00,36
96,97,97,Call,2023-04-07T00:36:00,37
97,98,98,Email,2023-04-08T01:37:00,38
98,99,99,Meeting,2023-04-09T02:38:00,39
99,100,100,Call,2023-04-10T03:39:00,40
100,101,1,Email,2023-04-11T04:40:00,41
101,102,2,Meeting,2023-04-12T05:41:00,42
102,103,3,Call,2023-04-13T06:42:00,43
103,104,4,Email,2023-04-14T07:43:00,44
104,105,5,Meeting,2023-04-15T08:44:00,45
105,106,6,Call,2023-04-16T09:45:00,46
106,107,7,Email,2023-04-17T10:46:00,47
107,108,8,Meeting,2023-04-18T11:47:00,48
108,109,9,Call,2023-04-19T12:48:00,49
109,110,10,Email,2023-04-20T13:49:00,50
110,111,11,Meeting,2023-04-21T14:50:00,51
111,112,12,Call,2023-04-22T15:51:00,52
112,113,13,Email,2023-04-23T16:52:00,53
113,114,14,Meeting,2023-04-24T17:53:00,54
114,115,15,Call,2023-04-25T18:54:00,55
115,116,16,Email,2023-04-26T19:55:00,56
116,117,17,Meeting,2023-04-27T20:56:00,57
117,118,18,Call,2023-04-28T21:57:00,58
118,119,19,Email,2023-04-29T22:58:00,59
119,120,20,Meeting,2023-04-30T23:59:00,60
120,121,21,Call,2023-05-01T00:00:00,1
121,122,22,Email,2023-05-02T01:01:00,2
122,123,23,Meeting,2023-05-03T02:02:00,3
123,124,24,Call,2023-05-04T03:03:00,4
124,125,25,Email,2023-05-05T04:04:00,5
125,126,26,Meeting,2023-05-06T05:05:00,6
126,127,27,Call,2023-05-07T06:06:00,7
127,128,28,Email,2023-05-08T07:07:00,8
128,129,29,Meeting,2023-05-09T08:08:00,9
129,130,30,Call,2023-05-10T09:09:00,10
130,131,31,Email,2023-05-11T10:10:00,11
131,132,32,Meeting,2023-05-12T11:11:00,12
132,133,33,Call,2023-05-13T12:12:00,13
133,134,34,Email,2023-05-14T13:13:00,14
134,135,35,Meeting,2023-05-15T14:14:00,15
135,136,36,Call,2023-05-16T15:15:00,16
136,137,37,Email,2023-05-17T16:16:00,17
137,138,38,Meeting,2023-05-18T17:17:00,18
138,139,39,Call,2023-05-19T18:18:00,19
139,140,40,Email,2023-05-20T19:19:00,20
140,141,41,Meeting,2023-05-21T20:20:00,21
141,142,42,Call,2023-05-22T21:21:00,22
142,143,43,Email,2023-05-23T22:22:00,23
143,144,44,Meeting,2023-05-24T23:23:00,24
144,145,45,Call,2023-05-25T00:24:00,25
145,146,46,Email,2023-05-26T01:25:00,26
146,147,47,Meeting,2023-05-27T02:26:00,27
147,148,48,Call,2023-05-28T03:27:00,28
148,149,49,Email,2023-05-29T04:28:00,29
149,150,50,Meeting,2023-05-30T05:29:00,30
150,151,51,Call,2023-05-31T06:30:00,31
151,152,52,Email,2023-06-01T07:31:00,32
152,153,53,Meeting,2023-06-02T08:32:00,33
153,154,54,Call,2023-06-03T09:33:00,34
154,155,55,Email,2023-06-04T10:34:00,35
155,156,56,Meeting,2023-06-05T11:35:00,36
156,157,57,Call,2023-06-06T12:36:00,37
157,158,58,Email,2023-06-07T13:37:00,38
158,159,59,Meeting,2023-06-08T14:38:00,39
159,160,60,Call,2023-06-09T15:39:00,40
160,161,61,Email,2023-06-10T16:40:00,41
161,162,62,Meeting,2023-06-11T17:41:00,42
162,163,63,Call,2023-06-12T18:42:00,43
163,164,64,Email,2023-06-13T19:43:00,44
164,165,65,Meeting,2023-06-14T20:44:00,45
165,166,66,Call,2023-06-15T21:45:00,46
166,167,67,Email,2023-06-16T22:46:00,47
167,168,68,Meeting,2023-06-17T23:47:00,48
168,169,69,Call,2023-06-18T00:48:00,49
169,170,70,Email,2023-06-19T01:49:00,50
170,171,71,Meeting,2023-06-20T02:50:00,51
171,172,72,Call,2023-06-21T03:51:00,52
172,173,73,Email,2023-06-22T04:52:00,53
173,174,74,Meeting,2023-06-23T05:53:00,54
174,175,75,Call,2023-06-24T06:54:00,55
175,176,76,Email,2023-06-25T07:55:00,56
176,177,77,Meeting,2023-06-26T08:56:00,57
177,178,78,Call,2023-06-27T09:57:00,58
178,179,79,Email,2023-06-28T10:58:00,59
179,180,80,Meeting,2023-06-29T11:59:00,60
180,181,81,Call,2023-06-30T12:00:00,1
181,182,82,Email,2023-07-01T13:01:00,2
182,183,83,Meeting,2023-07-02T14:02:00,3
183,184,84,Call,2023-07-03T15:03:00,4
184,185,85,Email,2023-07-04T16:04:00,5
185,186,86,Meeting,2023-07-05T17:05:00,6
186,187,87,Call,2023-07-06T18:06:00,7
187,188,88,Email,2023-07-07T19:07:00,8
188,189,89,Meeting,2023-07-08T20:08:00,9
189,190,90,Call,2023-07-09T21:09:00,10
190,191,91,Email,2023-07-10T22:10:00,11
191,192,92,Meeting,2023-07-11T23:11:00,12
192,193,93,Call,2023-07-12T00:12:00,13
193,194,94,Email,2023-07-13T01:13:00,14
194,195,95,Meeting,2023-07-14T02:14:00,15
195,196,96,Call,2023-07-15T03:15:00,16
196,197,97,Email,2023-07-16T04:16:00,17
197,198,98,Meeting,2023-07-17T05:17:00,18
198,199,99,Call,2023-07-18T06:18:00,19
199,200,100,Email,2023-07-19T07:19:00,20
200,201,1,Meeting,2023-07-20T08:20:00,21
201,202,2,Call,2023-07-21T09:21:00,22
202,203,3,Email,2023-07-22T10:22:00,23
203,204,4,Meeting,2023-07-23T11:23:00,24
204,205,5,Call,2023-07-24T12:24:00,25
205,206,6,Email,2023-07-25T13:25:00,26
206,207,7,Meeting,2023-07-26T14:26:00,27
207,208,8,Call,2023-07-27T15:27:00,28
208,209,9,Email,2023-07-28T16:28:00,29
209,210,10,Meeting,2023-07-29T17:29:00,30
210,211,11,Call,2023-07-30T18:30:00,31
211,212,12,Email,2023-07-31T19:31:00,32
212,213,13,Meeting,2023-08-01T20:32:00,33
213,214,14,Call,2023-08-02T21:33:00,34
214,215,15,Email,2023-08-03T22:34:00,35
215,216,16,Meeting,2023-08-04T23:35:00,36
216,217,17,Call,2023-08-05T00:36:00,37
217,218,18,Email,2023-08-06T01:37:00,38
218,219,19,Meeting,2023-08-07T02:38:00,39
219,220,20,Call,2023-08-08T03:39:00,40
220,221,21,Email,2023-08-09T04:40:00,41
221,222,22,Meeting,2023-08-10T05:41:00,42
222,223,23,Call,2023-08-11T06:42:00,43
223,224,24,Email,2023-08-12T07:43:00,44
224,225,25,Meeting,2023-08-13T08:44:00,45
225,226,26,Call,2023-08-14T09:45:00,46
226,227,27,Email,2023-08-15T10:46:00,47
227,228,28,Meeting,2023-08-16T11:47:00,48
228,229,29,Call,2023-08-17T12:48:00,49
229,230,30,Email,2023-08-18T13:49:00,50
230,231,31,Meeting,2023-08-19T14:50:00,51
231,232,32,Call,2023-08-20T15:51:00,52
232,233,33,Email,2023-08-21T16:52:00,53
233,234,34,Meeting,2023-08-22T17:53:00,54
234,235,35,Call,2023-08-23T18:54:00,55
235,236,36,Email,2023-08-24T19:55:00,56
236,237,37,Meeting,2023-08-25T20:56:00,57
237,238,38,Call,2023-08-26T21:57:00,58
238,239,39,Email,2023-08-27T22:58:00,59
239,240,40,Meeting,2023-08-28T23:59:00,60
240,241,41,Call,2023-08-29T00:00:00,1
241,242,42,Email,2023-08-30T01:01:00,2
242,243,43,Meeting,2023-08-31T02:02:00,3
243,244,44,Call,2023-09-01T03:03:00,4
244,245,45,Email,2023-09-02T04:04:00,5
245,246,46,Meeting,2023-09-03T05:05:00,6
246,247,47,Call,2023-09-04T06:06:00,7
247,248,48,Email,2023-09-05T07:07:00,8
248,249,49,Meeting,2023-09-06T08:08:00,9
249,250,50,Call,2023-09-07T09:09:00,10
250,251,51,Email,2023-09-08T10:10:00,11
251,252,52,Meeting,2023-09-09T11:11:00,12
252,253,53,Call,2023-09-10T12:12:00,13
253,254,54,Email,2023-09-11T13:13:00,14
254,255,55,Meeting,2023-09-12T14:14:00,15
255,256,56,Call,2023-09-13T15:15:00,16
256,257,57,Email,2023-09-14T16:16:00,17
257,258,58,Meeting,2023-09-15T17:17:00,18
258,259,59,Call,2023-09-16T18:18:00,19
259,260,60,Email,2023-09-17T19:19:00,20
260,261,61,Meeting,2023-09-18T20:20:00,21
261,262,62,Call,2023-09-19T21:21:00,22
262,263,63,Email,2023-09-20T22:22:00,23
263,264,64,Meeting,2023-09-21T23:23:00,24
264,265,65,Call,2023-09-22T00:24:00,25
265,266,66,Email,2023-09-23T01:25:00,26
266,267,67,Meeting,2023-09-24T02:26:00,27
267,268,68,Call,2023-09-25T03:27:00,28
268,269,69,Email,2023-09-26T04:28:00,29
269,270,70,Meeting,2023-09-27T05:29:00,30
270,271,71,Call,2023-09-28T06:30:00,31
271,272,72,Email,2023-09-29T07:31:00,32
272,273,73,Meeting,2023-09-30T08:32:00,33
273,274,74,Call,2023-10-01T09:33:00,34
274,275,75,Email,2023-10-02T10:34:00,35
275,276,76,Meeting,2023-10-03T11:35:00,36
276,277,77,Call,2023-10-04T12:36:00,37
277,278,78,Email,2023-10-05T13:37:00,38
278,279,79,Meeting,2023-10-06T14:38:00,39
279,280,80,Call,2023-10-07T15:39:00,40
280,281,81,Email,2023-10-08T16:40:00,41
281,282,82,Meeting,2023-10-09T17:41:00,42
282,283,83,Call,2023-10-10T18:42:00,43
283,284,84,Email,2023-10-11T19:43:00,44
284,285,85,Meeting,2023-10-12T20:44:00,45
285,286,86,Call,2023-10-13T21:45:00,46
286,287,87,Email,2023-10-14T22:46:00,47
287,288,88,Meeting,2023-10-15T23:47:00,48
288,289,89,Call,2023-10-16T00:48:00,49
289,290,90,Email,2023-10-17T01:49:00,50
290,291,91,Meeting,2023-10-18T02:50:00,51
291,292,92,Call,2023-10-19T03:51:00,52
292,293,93,Email,2023-10-20T04:52:00,53
293,294,94,Meeting,2023-10-21T05:53:00,54
294,295,95,Call,2023-10-22T06:54:00,55
295,296,96,Email,2023-10-23T07:55:00,56
296,297,97,Meeting,2023-10-24T08:56:00,57
297,298,98,Call,2023-10-25T09:57:00,58
298,299,99,Email,2023-10-26T10:58:00,59
299,300,100,Meeting,2023-10-27T11:59:00,60
300,301,1,Call,2023-10-28T12:00:00,1
301,302,2,Email,2023-10-29T13:01:00,2
302,303,3,Meeting,2023-10-30T14:02:00,3
303,304,4,Call,2023-10-31T15:03:00,4
304,305,5,Email,2023-11-01T16:04:00,5
305,306,6,Meeting,2023-11-02T17:05:00,6
306,307,7,Call,2023-11-03T18:06:00,7
307,308,8,Email,2023-11-04T19:07:00,8
308,309,9,Meeting,2023-11-05T20:08:00,9
309,310,10,Call,2023-11-06T21:09:00,10
310,311,11,Email,2023-11-07T22:10:00,11
311,312,12,Meeting,2023-11-08T23:11:00,12
312,313,13,Call,2023-11-09T00:12:00,13
313,314,14,Email,2023-11-10T01:13:00,14
314,315,15,Meeting,2023-11-11T02:14:00,15
315,316,16,Call,2023-11-12T03:15:00,16
316,317,17,Email,2023-11-13T04:16:00,17
317,318,18,Meeting,2023-11-14T05:17:00,18
318,319,19,Call,2023-11-15T06:18:00,19
319,320,20,Email,2023-11-16T07:19:00,20
320,321,21,Meeting,2023-11-17T08:20:00,21
321,322,22,Call,2023-11-18T09:21:00,22
322,323,23,Email,2023-11-19T10:22:00,23
323,324,24,Meeting,2023-11-20T11:23:00,24
324,325,25,Call,2023-11-21T12:24:00,25
325,326,26,Email,2023-11-22T13:25:00,26
326,327,27,Meeting,2023-11-23T14:26:00,27
327,328,28,Call,2023-11-24T15:27:00,28
328,329,29,Email,2023-11-25T16:28:00,29
329,330,30,Meeting,2023-11-26T17:29:00,30
330,331,31,Call,2023-11-27T18:30:00,31
331,332,32,Email,2023-11-28T19:31:00,32
332,333,33,Meeting,2023-11-29T20:32:00,33
333,334,34,Call,2023-11-30T21:33:00,34
334,335,35,Email,2023-12-01T22:34:00,35
335,336,36,Meeting,2023-12-02T23:35:00,36
336,337,37,Call,2023-12-03T00:36:00,37
337,338,38,Email,2023-12-04T01:37:00,38
338,339,39,Meeting,2023-12-05T02:38:00,39
339,340,40,Call,2023-12-06T03:39:00,40
340,341,41,Email,2023-12-07T04:40:00,41
341,342,42,Meeting,2023-12-08T05:41:00,42
342,343,43,Call,2023-12-09T06:42:00,43
343,344,44,Email,2023-12-10T07:43:00,44
344,345,45,Meeting,2023-12-11T08:44:00,45
345,346,46,Call,2023-12-12T09:45:00,46
346,347,47,Email,2023-12-13T10:46:00,47
347,348,48,Meeting,2023-12-14T11:47:00,48
348,349,49,Call,2023-12-15T12:48:00,49
349,350,50,Email,2023-12-16T13:49:00,50
350,351,51,Meeting,2023-12-17T14:50:00,51
351,352,52,Call,2023-12-18T15:51:00,52
352,353,53,Email,2023-12-19T16:52:00,53
353,354,54,Meeting,2023-12-20T17:53:00,54
354,355,55,Call,2023-12-21T18:54:00,55
355,356,56,Email,2023-12-22T19:55:00,56
356,357,57,Meeting,2023-12-23T20:56:00,57
357,358,58,Call,2023-12-24T21:57:00,58
358,359,59,Email,2023-12-25T22:58:00,59
359,360,60,Meeting,2023-12-26T23:59:00,60
360,361,61,Call,2023-12-27T00:00:00,1
361,362,62,Email,2023-12-28T01:01:00,2
362,363,63,Meeting,2023-12-29T02:02:00,3
363,364,64,Call,2023-12-30T03:03:00,4
364,365,65,Email,2023-12-31T04:04:00,5
365,366,66,Meeting,2023-01-01T05:05:00,6
366,367,67,Call,2023-01-02T06:06:00,7
367,368,68,Email,2023-01-03T07:07:00,8
368,369,69,Meeting,2023-01-04T08:08:00,9
369,370,70,Call,2023-01-05T09:09:00,10
370,371,71,Email,2023-01-06T10:10:00,11
371,372,72,Meeting,2023-01-07T11:11:00,12
372,373,73,Call,2023-01-08T12:12:00,13
373,374,74,Email,2023-01-09T13:13:00,14
374,375,75,Meeting,2023-01-10T14:14:00,15
375,376,76,Call,2023-01-11T15:15:00,16
376,377,77,Email,2023-01-12T16:16:00,17
377,378,78,Meeting,2023-01-13T17:17:00,18
378,379,79,Call,2023-01-14T18:18:00,19
379,380,80,Email,2023-01-15T19:19:00,20
380,381,81,Meeting,2023-01-16T20:20:00,21
381,382,82,Call,2023-01-17T21:21:00,22
382,383,83,Email,2023-01-18T22:22:00,23
383,384,84,Meeting,2023-01-19T23:23:00,24
384,385,85,Call,2023-01-20T00:24:00,25
385,386,86,Email,2023-01-21T01:25:00,26
386,387,87,Meeting,2023-01-22T02:26:00,27
387,388,88,Call,2023-01-23T03:27:00,28
388,389,89,Email,2023-01-24T04:28:00,29
389,390,90,Meeting,2023-01-25T05:29:00,30
390,391,91,Call,2023-01-26T06:30:00,31
391,392,92,Email,2023-01-27T07:31:00,32
392,393,93,Meeting,2023-01-28T08:32:00,33
393,394,94,Call,2023-01-29T09:33:00,34
394,395,95,Email,2023-01-30T10:34:00,35
395,396,96,Meeting,2023-01-31T11:35:00,36
396,397,97,Call,2023-02-01T12:36:00,37
397,398,98,Email,2023-02-02T13:37:00,38
398,399,99,Meeting,2023-02-03T14:38:00,39
399,400,100,Call,2023-02-04T15:39:00,40
400,401,1,Email,2023-02-05T16:40:00,41
401,402,2,Meeting,2023-02-06T17:41:00,42
402,403,3,Call,2023-02-07T18:42:00,43
403,404,4,Email,2023-02-08T19:43:00,44
404,405,5,Meeting,2023-02-09T20:44:00,45
405,406,6,Call,2023-02-10T21:45:00,46
406,407,7,Email,2023-02-11T22:46:00,47
407,408,8,Meeting,2023-02-12T23:47:00,48
408,409,9,Call,2023-02-13T00:48:00,49
409,410,10,Email,2023-02-14T01:49:00,50
410,411,11,Meeting,2023-02-15T02:50:00,51
411,412,12,Call,2023-02-16T03:51:00,52
412,413,13,Email,2023-02-17T04:52:00,53
413,414,14,Meeting,2023-02-18T05:53:00,54
414,415,15,Call,2023-02-19T06:54:00,55
415,416,16,Email,2023-02-20T07:55:00,56
416,417,17,Meeting,2023-02-21T08:56:00,57
417,418,18,Call,2023-02-22T09:57:00,58
418,419,19,Email,2023-02-23T10:58:00,59
419,420,20,Meeting,2023-02-24T11:59:00,60
420,421,21,Call,2023-02-25T12:00:00,1
421,422,22,Email,2023-02-26T13:01:00,2
422,423,23,Meeting,2023-02-27T14:02:00,3
423,424,24,Call,2023-02-28T15:03:00,4
424,425,25,Email,2023-03-01T16:04:00,5
425,426,26,Meeting,2023-03-02T17:05:00,6
426,427,27,Call,2023-03-03T18:06:00,7
427,428,28,Email,2023-03-04T19:07:00,8
428,429,29,Meeting,2023-03-05T20:08:00,9
429,430,30,Call,2023-03-06T21:09:00,10
430,431,31,Email,2023-03-07T22:10:00,11
431,432,32,Meeting,2023-03-08T23:11:00,12
432,433,33,Call,2023-03-09T00:12:00,13
433,434,34,Email,2023-03-10T01:13:00,14
434,435,35,Meeting,2023-03-11T02:14:00,15
435,436,36,Call,2023-03-12T03:15:00,16
436,437,37,Email,2023-03-13T04:16:00,17
437,438,38,Meeting,2023-03-14T05:17:00,18
438,439,39,Call,2023-03-15T06:18:00,19
439,440,40,Email,2023-03-16T07:19:00,20
440,441,41,Meeting,2023-03-17T08:20:00,21
441,442,42,Call,2023-03-18T09:21:00,22
442,443,43,Email,2023-03-19T10:22:00,23
443,444,44,Meeting,2023-03-20T11:23:00,24
444,445,45,Call,2023-03-21T12:24:00,25
445,446,46,Email,2023-03-22T13:25:00,26
446,447,47,Meeting,2023-03-23T14:26:00,27
447,448,48,Call,2023-03-24T15:27:00,28
448,449,49,Email,2023-03-25T16:28:00,29
449,450,50,Meeting,2023-03-26T17:29:00,30
450,451,51,Call,2023-03-27T18:30:00,31
451,452,52,Email,2023-03-28T19:31:00,32
452,453,53,Meeting,2023-03-29T20:32:00,33
453,454,54,Call,2023-03-30T21:33:00,34
454,455,55,Email,2023-03-31T22:34:00,35
455,456,56,Meeting,2023-04-01T23:35:00,36
456,457,57,Call,2023-04-02T00:36:00,37
457,458,58,Email,2023-04-03T01:37:00,38
458,459,59,Meeting,2023-04-04T02:38:00,39
459,460,60,Call,2023-04-05T03:39:00,40
460,461,61,Email,2023-04-06T04:40:00,41
461,462,62,Meeting,2023-04-07T05:41:00,42
462,463,63,Call,2023-04-08T06:42:00,43
463,464,64,Email,2023-04-09T07:43:00,44
464,465,65,Meeting,2023-04-10T08:44:00,45
465,466,66,Call,2023-04-11T09:45:00,46
466,467,67,Email,2023-04-12T10:46:00,47
467,468,68,Meeting,2023-04-13T11:47:00,48
468,469,69,Call,2023-04-14T12:48:00,49
469,470,70,Email,2023-04-15T13:49:00,50
470,471,71,Meeting,2023-04-16T14:50:00,51
471,472,72,Call,2023-04-17T15:51:00,52
472,473,73,Email,2023-04-18T16:52:00,53
473,474,74,Meeting,2023-04-19T17:53:00,54
474,475,75,Call,2023-04-20T18:54:00,55
475,476,76,Email,2023-04-21T19:55:00,56
476,477,77,Meeting,2023-04-22T20:56:00,57
477,478,78,Call,2023-04-23T21:57:00,58
478,479,79,Email,2023-04-24T22:58:00,59
479,480,80,Meeting,2023-04-25T23:59:00,60
480,481,81,Call,2023-04-26T00:00:00,1
481,482,82,Email,2023-04-27T01:01:00,2
482,483,83,Meeting,2023-04-28T02:02:00,3
483,484,84,Call,2023-04-29T03:03:00,4
484,485,85,Email,2023-04-30T04:04:00,5
485,486,86,Meeting,2023-05-01T05:05:00,6
486,487,87,Call,2023-05-02T06:06:00,7
487,488,88,Email,2023-05-03T07:07:00,8
488,489,89,Meeting,2023-05-04T08:08:00,9
489,490,90,Call,2023-05-05T09:09:00,10
490,491,91,Email,2023-05-06T10:10:00,11
491,492,92,Meeting,2023-05-07T11:11:00,12
492,493,93,Call,2023-05-08T12:12:00,13
493,494,94,Email,2023-05-09T13:13:00,14
494,495,95,Meeting,2023-05-10T14:14:00,15
495,496,96,Call,2023-05-11T15:15:00,16
496,497,97,Email,2023-05-12T16:16:00,17
497,498,98,Meeting,2023-05-13T17:17:00,18
498,499,99,Call,2023-05-14T18:18:00,19
499,500,100,Email,2023-05-15T19:19:00,20
500,501,1,Meeting,2023-05-16T20:20:00,21
501,502,2,Call,2023-05-17T21:21:00,22
502,503,3,Email,2023-05-18T22:22:00,23
503,504,4,Meeting,2023-05-19T23:23:00,24
504,505,5,Call,2023-05-20T00:24:00,25
505,506,6,Email,2023-05-21T01:25:00,26
506,507,7,Meeting,2023-05-22T02:26:00,27
507,508,8,Call,2023-05-23T03:27:00,28
508,509,9,Email,2023-05-24T04:28:00,29
509,510,10,Meeting,2023-05-25T05:29:00,30
510,511,11,Call,2023-05-26T06:30:00,31
511,512,12,Email,2023-05-27T07:31:00,32
512,513,13,Meeting,2023-05-28T08:32:00,33
513,514,14,Call,2023-05-29T09:33:00,34
514,515,15,Email,2023-05-30T10:34:00,35
515,516,16,Meeting,2023-05-31T11:35:00,36
516,517,17,Call,2023-06-01T12:36:00,37
517,518,18,Email,2023-06-02T13:37:00,38
518,519,19,Meeting,2023-06-03T14:38:00,39
519,520,20,Call,2023-06-04T15:39:00,40
520,521,21,Email,2023-06-05T16:40:00,41
521,522,22,Meeting,2023-06-06T17:41:00,42
522,523,23,Call,2023-06-07T18:42:00,43
523,524,24,Email,2023-06-08T19:43:00,44
524,525,25,Meeting,2023-06-09T20:44:00,45
525,526,26,Call,2023-06-10T21:45:00,46
526,527,27,Email,2023-06-11T22:46:00,47
527,528,28,Meeting,2023-06-12T23:47:00,48
528,529,29,Call,2023-06-13T00:48:00,49
529,530,30,Email,2023-06-14T01:49:00,50
530,531,31,Meeting,2023-06-15T02:50:00,51
531,532,32,Call,2023-06-16T03:51:00,52
532,533,33,Email,2023-06-17T04:52:00,53
533,534,34,Meeting,2023-06-18T05:53:00,54
534,535,35,Call,2023-06-19T06:54:00,55
535,536,36,Email,2023-06-20T07:55:00,56
536,537,37,Meeting,2023-06-21T08:56:00,57
537,538,38,Call,2023-06-22T09:57:00,58
538,539,39,Email,2023-06-23T10:58:00,59
539,540,40,Meeting,2023-06-24T11:59:00,60
540,541,41,Call,2023-06-25T12:00:00,1
541,542,42,Email,2023-06-26T13:01:00,2
542,543,43,Meeting,2023-06-27T14:02:00,3
543,544,44,Call,2023-06-28T15:03:00,4
544,545,45,Email,2023-06-29T16:04:00,5
545,546,46,Meeting,2023-06-30T17:05:00,6
546,547,47,Call,2023-07-01T18:06:00,7
547,548,48,Email,2023-07-02T19:07:00,8
548,549,49,Meeting,2023-07-03T20:08:00,9
549,550,50,Call,2023-07-04T21:09:00,10
550,551,51,Email,2023-07-05T22:10:00,11
551,552,52,Meeting,2023-07-06T23:11:00,12
552,553,53,Call,2023-07-07T00:12:00,13
553,554,54,Email,2023-07-08T01:13:00,14
554,555,55,Meeting,2023-07-09T02:14:00,15
555,556,56,Call,2023-07-10T03:15:00,16
556,557,57,Email,2023-07-11T04:16:00,17
557,558,58,Meeting,2023-07-12T05:17:00,18
558,559,59,Call,2023-07-13T06:18:00,19
559,560,60,Email,2023-07-14T07:19:00,20
560,561,61,Meeting,2023-07-15T08:20:00,21
561,562,62,Call,2023-07-16T09:21:00,22
562,563,63,Email,2023-07-17T10:22:00,23
563,564,64,Meeting,2023-07-18T11:23:00,24
564,565,65,Call,2023-07-19T12:24:00,25
565,566,66,Email,2023-07-20T13:25:00,26
566,567,67,Meeting,2023-07-21T14:26:00,27
567,568,68,Call,2023-07-22T15:27:00,28
568,569,69,Email,2023-07-23T16:28:00,29
569,570,70,Meeting,2023-07-24T17:29:00,30
570,571,71,Call,2023-07-25T18:30:00,31
571,572,72,Email,2023-07-26T19:31:00,32
572,573,73,Meeting,2023-07-27T20:32:00,33
573,574,74,Call,2023-07-28T21:33:00,34
574,575,75,Email,2023-07-29T22:34:00,35
575,576,76,Meeting,2023-07-30T23:35:00,36
576,577,77,Call,2023-07-31T00:36:00,37
577,578,78,Email,2023-08-01T01:37:00,38
578,579,79,Meeting,2023-08-02T02:38:00,39
579,580,80,Call,2023-08-03T03:39:00,40
580,581,81,Email,2023-08-04T04:40:00,41
581,582,82,Meeting,2023-08-05T05:41:00,42
582,583,83,Call,2023-08-06T06:42:00,43
583,584,84,Email,2023-08-07T07:43:00,44
584,585,85,Meeting,2023-08-08T08:44:00,45
585,586,86,Call,2023-08-09T09:45:00,46
586,587,87,Email,2023-08-10T10:46:00,47
587,588,88,Meeting,2023-08-11T11:47:00,48
588,589,89,Call,2023-08-12T12:48:00,49
589,590,90,Email,2023-08-13T13:49:00,50
590,591,91,Meeting,2023-08-14T14:50:00,51
591,592,92,Call,2023-08-15T15:51:00,52
592,593,93,Email,2023-08-16T16:52:00,53
593,594,94,Meeting,2023-08-17T17:53:00,54
594,595,95,Call,2023-08-18T18:54:00,55
595,596,96,Email,2023-08-19T19:55:00,56
596,597,97,Meeting,2023-08-20T20:56:00,57
597,598,98,Call,2023-08-21T21:57:00,58
598,599,99,Email,2023-08-22T22:58:00,59
599,600,100,Meeting,2023-08-23T23:59:00,60
600,601,1,Call,2023-08-24T00:00:00,1
601,602,2,Email,2023-08-25T01:01:00,2
602,603,3,Meeting,2023-08-26T02:02:00,3
603,604,4,Call,2023-08-27T03:03:00,4
604,605,5,Email,2023-08-28T04:04:00,5
605,606,6,Meeting,2023-08-29T05:05:00,6
606,607,7,Call,2023-08-30T06:06:00,7
607,608,8,Email,2023-08-31T07:07:00,8
608,609,9,Meeting,2023-09-01T08:08:00,9
609,610,10,Call,2023-09-02T09:09:00,10
610,611,11,Email,2023-09-03T10:10:00,11
611,612,12,Meeting,2023-09-04T11:11:00,12
612,613,13,Call,2023-09-05T12:12:00,13
613,614,14,Email,2023-09-06T13:13:00,14
614,615,15,Meeting,2023-09-07T14:14:00,15
615,616,16,Call,2023-09-08T15:15:00,16
616,617,17,Email,2023-09-09T16:16:00,17
617,618,18,Meeting,2023-09-10T17:17:00,18
618,619,19,Call,2023-09-11T18:18:00,19
619,620,20,Email,2023-09-12T19:19:00,20
620,621,21,Meeting,2023-09-13T20:20:00,21
621,622,22,Call,2023-09-14T21:21:00,22
622,623,23,Email,2023-09-15T22:22:00,23
623,624,24,Meeting,2023-09-16T23:23:00,24
624,625,25,Call,2023-09-17T00:24:00,25
625,626,26,Email,2023-09-18T01:25:00,26
626,627,27,Meeting,2023-09-19T02:26:00,27
627,628,28,Call,2023-09-20T03:27:00,28
628,629,29,Email,2023-09-21T04:28:00,29
629,630,30,Meeting,2023-09-22T05:29:00,30
630,631,31,Call,2023-09-23T06:30:00,31
631,632,32,Email,2023-09-24T07:31:00,32
632,633,33,Meeting,2023-09-25T08:32:00,33
633,634,34,Call,2023-09-26T09:33:00,34
634,635,35,Email,2023-09-27T10:34:00,35
635,636,36,Meeting,2023-09-28T11:35:00,36
636,637,37,Call,2023-09-29T12:36:00,37
637,638,38,Email,2023-09-30T13:37:00,38
638,639,39,Meeting,2023-10-01T14:38:00,39
639,640,40,Call,2023-10-02T15:39:00,40
640,641,41,Email,2023-10-03T16:40:00,41
641,642,42,Meeting,2023-10-04T17:41:00,42
642,643,43,Call,2023-10-05T18:42:00,43
643,644,44,Email,2023-10-06T19:43:00,44
644,645,45,Meeting,2023-10-07T20:44:00,45
645,646,46,Call,2023-10-08T21:45:00,46
646,647,47,Email,2023-10-09T22:46:00,47
647,648,48,Meeting,2023-10-10T23:47:00,48
648,649,49,Call,2023-10-11T00:48:00,49
649,650,50,Email,2023-10-12T01:49:00,50
650,651,51,Meeting,2023-10-13T02:50:00,51
651,652,52,Call,2023-10-14T03:51:00,52
652,653,53,Email,2023-10-15T04:52:00,53
653,654,54,Meeting,2023-10-16T05:53:00,54
654,655,55,Call,2023-10-17T06:54:00,55
655,656,56,Email,2023-10-18T07:55:00,56
656,657,57,Meeting,2023-10-19T08:56:00,57
657,658,58,Call,2023-10-20T09:57:00,58
658,659,59,Email,2023-10-21T10:58:00,59
659,660,60,Meeting,2023-10-22T11:59:00,60
660,661,61,Call,2023-10-23T12:00:00,1
661,662,62,Email,2023-10-24T13:01:00,2
662,663,63,Meeting,2023-10-25T14:02:00,3
663,664,64,Call,2023-10-26T15:03:00,4
664,665,65,Email,2023-10-27T16:04:00,5
665,666,66,Meeting,2023-10-28T17:05:00,6
666,667,67,Call,2023-10-29T18:06:00,7
667,668,68,Email,2023-10-30T19:07:00,8
668,669,69,Meeting,2023-10-31T20:08:00,9
669,670,70,Call,2023-11-01T21:09:00,10
670,671,71,Email,2023-11-02T22:10:00,11
671,672,72,Meeting,2023-11-03T23:11:00,12
672,673,73,Call,2023-11-04T00:12:00,13
673,674,74,Email,2023-11-05T01:13:00,14
674,675,75,Meeting,2023-11-06T02:14:00,15
675,676,76,Call,2023-11-07T03:15:00,16
676,677,77,Email,2023-11-08T04:16:00,17
677,678,78,Meeting,2023-11-09T05:17:00,18
678,679,79,Call,2023-11-10T06:18:00,19
679,680,80,Email,2023-11-11T07:19:00,20
680,681,81,Meeting,2023-11-12T08:20:00,21
681,682,82,Call,2023-11-13T09:21:00,22
682,683,83,Email,2023-11-14T10:22:00,23
683,684,84,Meeting,2023-11-15T11:23:00,24
684,685,85,Call,2023-11-16T12:24:00,25
685,686,86,Email,2023-11-17T13:25:00,26
686,687,87,Meeting,2023-11-18T14:26:00,27
687,688,88,Call,2023-11-19T15:27:00,28
688,689,89,Email,2023-11-20T16:28:00,29
689,690,90,Meeting,2023-11-21T17:29:00,30
690,691,91,Call,2023-11-22T18:30:00,31
691,692,92,Email,2023-11-23T19:31:00,32
692,693,93,Meeting,2023-11-24T20:32:00,33
693,694,94,Call,2023-11-25T21:33:00,34
694,695,95,Email,2023-11-26T22:34:00,35
695,696,96,Meeting,2023-11-27T23:35:00,36
696,697,97,Call,2023-11-28T00:36:00,37
697,698,98,Email,2023-11-29T01:37:00,38
698,699,99,Meeting,2023-11-30T02:38:00,39
699,700,100,Call,2023-12-01T03:39:00,40
700,701,1,Email,2023-12-02T04:40:00,41
701,702,2,Meeting,2023-12-03T05:41:00,42
702,703,3,Call,2023-12-04T06:42:00,43
703,704,4,Email,2023-12-05T07:43:00,44
704,705,5,Meeting,2023-12-06T08:44:00,45
705,706,6,Call,2023-12-07T09:45:00,46
706,707,7,Email,2023-12-08T10:46:00,47
707,708,8,Meeting,2023-12-09T11:47:00,48
708,709,9,Call,2023-12-10T12:48:00,49
709,710,10,Email,2023-12-11T13:49:00,50
710,711,11,Meeting,2023-12-12T14:50:00,51
711,712,12,Call,2023-12-13T15:51:00,52
712,713,13,Email,2023-12-14T16:52:00,53
713,714,14,Meeting,2023-12-15T17:53:00,54
714,715,15,Call,2023-12-16T18:54:00,55
715,716,16,Email,2023-12-17T19:55:00,56
716,717,17,Meeting,2023-12-18T20:56:00,57
717,718,18,Call,2023-12-19T21:57:00,58
718,719,19,Email,2023-12-20T22:58:00,59
719,720,20,Meeting,2023-12-21T23:59:00,60
720,721,21,Call,2023-12-22T00:00:00,1
721,722,22,Email,2023-12-23T01:01:00,2
722,723,23,Meeting,2023-12-24T02:02:00,3
723,724,24,Call,2023-12-25T03:03:00,4
724,725,25,Email,2023-12-26T04:04:00,5
725,726,26,Meeting,2023-12-27T05:05:00,6
726,727,27,Call,2023-12-28T06:06:00,7
727,728,28,Email,2023-12-29T07:07:00,8
728,729,29,Meeting,2023-12-30T08:08:00,9
729,730,30,Call,2023-12-31T09:09:00,10
730,731,31,Email,2023-01-01T10:10:00,11
731,732,32,Meeting,2023-01-02T11:11:00,12
732,733,33,Call,2023-01-03T12:12:00,13
733,734,34,Email,2023-01-04T13:13:00,14
734,735,35,Meeting,2023-01-05T14:14:00,15
735,736,36,Call,2023-01-06T15:15:00,16
736,737,37,Email,2023-01-07T16:16:00,17
737,738,38,Meeting,2023-01-08T17:17:00,18
738,739,39,Call,2023-01-09T18:18:00,19
739,740,40,Email,2023-01-10T19:19:00,20
740,741,41,Meeting,2023-01-11T20:20:00,21
741,742,42,Call,2023-01-12T21:21:00,22
742,743,43,Email,2023-01-13T22:22:00,23
743,744,44,Meeting,2023-01-14T23:23:00,24
744,745,45,Call,2023-01-15T00:24:00,25
745,746,46,Email,2023-01-16T01:25:00,26
746,747,47,Meeting,2023-01-17T02:26:00,27
747,748,48,Call,2023-01-18T03:27:00,28
748,749,49,Email,2023-01-19T04:28:00,29
749,750,50,Meeting,2023-01-20T05:29:00,30
750,751,51,Call,2023-01-21T06:30:00,31
751,752,52,Email,2023-01-22T07:31:00,32
752,753,53,Meeting,2023-01-23T08:32:00,33
753,754,54,Call,2023-01-24T09:33:00,34
754,755,55,Email,2023-01-25T10:34:00,35
755,756,56,Meeting,2023-01-26T11:35:00,36
756,757,57,Call,2023-01-27T12:36:00,37
757,758,58,Email,2023-01-28T13:37:00,38
758,759,59,Meeting,2023-01-29T14:38:00,39
759,760,60,Call,2023-01-30T15:39:00,40
760,761,61,Email,2023-01-31T16:40:00,41
761,762,62,Meeting,2023-02-01T17:41:00,42
762,763,63,Call,2023-02-02T18:42:00,43
763,764,64,Email,2023-02-03T19:43:00,44
764,765,65,Meeting,2023-02-04T20:44:00,45
765,766,66,Call,2023-02-05T21:45:00,46
766,767,67,Email,2023-02-06T22:46:00,47
767,768,68,Meeting,2023-02-07T23:47:00,48
768,769,69,Call,2023-02-08T00:48:00,49
769,770,70,Email,2023-02-09T01:49:00,50
770,771,71,Meeting,2023-02-10T02:50:00,51
771,772,72,Call,2023-02-11T03:51:00,52
772,773,73,Email,2023-02-12T04:52:00,53
773,774,74,Meeting,2023-02-13T05:53:00,54
774,775,75,Call,2023-02-14T06:54:00,55
775,776,76,Email,2023-02-15T07:55:00,56
776,777,77,Meeting,2023-02-16T08:56:00,57
777,778,78,Call,2023-02-17T09:57:00,58
778,779,79,Email,2023-02-18T10:58:00,59
779,780,80,Meeting,2023-02-19T11:59:00,60
780,781,81,Call,2023-02-20T12:00:00,1
781,782,82,Email,2023-02-21T13:01:00,2
782,783,83,Meeting,2023-02-22T14:02:00,3
783,784,84,Call,2023-02-23T15:03:00,4
784,785,85,Email,2023-02-24T16:04:00,5
785,786,86,Meeting,2023-02-25T17:05:00,6
786,787,87,Call,2023-02-26T18:06:00,7
787,788,88,Email,2023-02-27T19:07:00,8
788,789,89,Meeting,2023-02-28T20:08:00,9
789,790,90,Call,2023-03-01T21:09:00,10
790,791,91,Email,2023-03-02T22:10:00,11
791,792,92,Meeting,2023-03-03T23:11:00,12
792,793,93,Call,2023-03-04T00:12:00,13
793,794,94,Email,2023-03-05T01:13:00,14
794,795,95,Meeting,2023-03-06T02:14:00,15
795,796,96,Call,2023-03-07T03:15:00,16
796,797,97,Email,2023-03-08T04:16:00,17
797,798,98,Meeting,2023-03-09T05:17:00,18
798,799,99,Call,2023-03-10T06:18:00,19
799,800,100,Email,2023-03-11T07:19:00,20
800,801,1,Meeting,2023-03-12T08:20:00,21
801,802,2,Call,2023-03-13T09:21:00,22
802,803,3,Email,2023-03-14T10:22:00,23
803,804,4,Meeting,2023-03-15T11:23:00,24
804,805,5,Call,2023-03-16T12:24:00,25
805,806,6,Email,2023-03-17T13:25:00,26
806,807,7,Meeting,2023-03-18T14:26:00,27
807,808,8,Call,2023-03-19T15:27:00,28
808,809,9,Email,2023-03-20T16:28:00,29
809,810,10,Meeting,2023-03-21T17:29:00,30
810,811,11,Call,2023-03-22T18:30:00,31
811,812,12,Email,2023-03-23T19:31:00,32
812,813,13,Meeting,2023-03-24T20:32:00,33
813,814,14,Call,2023-03-25T21:33:00,34
814,815,15,Email,2023-03-26T22:34:00,35
815,816,16,Meeting,2023-03-27T23:35:00,36
816,817,17,Call,2023-03-28T00:36:00,37
817,818,18,Email,2023-03-29T01:37:00,38
818,819,19,Meeting,2023-03-30T02:38:00,39
819,820,20,Call,2023-03-31T03:39:00,40
820,821,21,Email,2023-04-01T04:40:00,41
821,822,22,Meeting,2023-04-02T05:41:00,42
822,823,23,Call,2023-04-03T06:42:00,43
823,824,24,Email,2023-04-04T07:43:00,44
824,825,25,Meeting,2023-04-05T08:44:00,45
825,826,26,Call,2023-04-06T09:45:00,46
826,827,27,Email,2023-04-07T10:46:00,47
827,828,28,Meeting,2023-04-08T11:47:00,48
828,829,29,Call,2023-04-09T12:48:00,49
829,830,30,Email,2023-04-10T13:49:00,50
830,831,31,Meeting,2023-04-11T14:50:00,51
831,832,32,Call,2023-04-12T15:51:00,52
832,833,33,Email,2023-04-13T16:52:00,53
833,834,34,Meeting,2023-04-14T17:53:00,54
834,835,35,Call,2023-04-15T18:54:00,55
835,836,36,Email,2023-04-16T19:55:00,56
836,837,37,Meeting,2023-04-17T20:56:00,57
837,838,38,Call,2023-04-18T21:57:00,58
838,839,39,Email,2023-04-19T22:58:00,59
839,840,40,Meeting,2023-04-20T23:59:00,60
840,841,41,Call,2023-04-21T00:00:00,1
841,842,42,Email,2023-04-22T01:01:00,2
842,843,43,Meeting,2023-04-23T02:02:00,3
843,844,44,Call,2023-04-24T03:03:00,4
844,845,45,Email,2023-04-25T04:04:00,5
845,846,46,Meeting,2023-04-26T05:05:00,6
846,847,47,Call,2023-04-27T06:06:00,7
847,848,48,Email,2023-04-28T07:07:00,8
848,849,49,Meeting,2023-04-29T08:08:00,9
849,850,50,Call,2023-04-30T09:09:00,10
850,851,51,Email,2023-05-01T10:10:00,11
851,852,52,Meeting,2023-05-02T11:11:00,12
852,853,53,Call,2023-05-03T12:12:00,13
853,854,54,Email,2023-05-04T13:13:00,14
854,855,55,Meeting,2023-05-05T14:14:00,15
855,856,56,Call,2023-05-06T15:15:00,16
856,857,57,Email,2023-05-07T16:16:00,17
857,858,58,Meeting,2023-05-08T17:17:00,18
858,859,59,Call,2023-05-09T18:18:00,19
859,860,60,Email,2023-05-10T19:19:00,20
860,861,61,Meeting,2023-05-11T20:20:00,21
861,862,62,Call,2023-05-12T21:21:00,22
862,863,63,Email,2023-05-13T22:22:00,23
863,864,64,Meeting,2023-05-14T23:23:00,24
864,865,65,Call,2023-05-15T00:24:00,25
865,866,66,Email,2023-05-16T01:25:00,26
866,867,67,Meeting,2023-05-17T02:26:00,27
867,868,68,Call,2023-05-18T03:27:00,28
868,869,69,Email,2023-05-19T04:28:00,29
869,870,70,Meeting,2023-05-20T05:29:00,30
870,871,71,Call,2023-05-21T06:30:00,31
871,872,72,Email,2023-05-22T07:31:00,32
872,873,73,Meeting,2023-05-23T08:32:00,33
873,874,74,Call,2023-05-24T09:33:00,34
874,875,75,Email,2023-05-25T10:34:00,35
875,876,76,Meeting,2023-05-26T11:35:00,36
876,877,77,Call,2023-05-27T12:36:00,37
877,878,78,Email,2023-05-28T13:37:00,38
878,879,79,Meeting,2023-05-29T14:38:00,39
879,880,80,Call,2023-05-30T15:39:00,40
880,881,81,Email,2023-05-31T16:40:00,41
881,882,82,Meeting,2023-06-01T17:41:00,42
882,883,83,Call,2023-06-02T18:42:00,43
883,884,84,Email,2023-06-03T19:43:00,44
884,885,85,Meeting,2023-06-04T20:44:00,45
885,886,86,Call,2023-06-05T21:45:00,46
886,887,87,Email,2023-06-06T22:46:00,47
887,888,88,Meeting,2023-06-07T23:47:00,48
888,889,89,Call,2023-06-08T00:48:00,49
889,890,90,Email,2023-06-09T01:49:00,50
890,891,91,Meeting,2023-06-10T02:50:00,51
891,892,92,Call,2023-06-11T03:51:00,52
892,893,93,Email,2023-06-12T04:52:00,53
893,894,94,Meeting,2023-06-13T05:53:00,54
894,895,95,Call,2023-06-14T06:54:00,55
895,896,96,Email,2023-06-15T07:55:00,56
896,897,97,Meeting,2023-06-16T08:56:00,57
897,898,98,Call,2023-06-17T09:57:00,58
898,899,99,Email,2023-06-18T10:58:00,59
899,900,100,Meeting,2023-06-19T11:59:00,60
900,901,1,Call,2023-06-20T12:00:00,1
901,902,2,Email,2023-06-21T13:01:00,2
902,903,3,Meeting,2023-06-22T14:02:00,3
903,904,4,Call,2023-06-23T15:03:00,4
904,905,5,Email,2023-06-24T16:04:00,5
905,906,6,Meeting,2023-06-25T17:05:00,6
906,907,7,Call,2023-06-26T18:06:00,7
907,908,8,Email,2023-06-27T19:07:00,8
908,909,9,Meeting,2023-06-28T20:08:00,9
909,910,10,Call,2023-06-29T21:09:00,10
910,911,11,Email,2023-06-30T22:10:00,11
911,912,12,Meeting,2023-07-01T23:11:00,12
912,913,13,Call,2023-07-02T00:12:00,13
913,914,14,Email,2023-07-03T01:13:00,14
914,915,15,Meeting,2023-07-04T02:14:00,15
915,916,16,Call,2023-07-05T03:15:00,16
916,917,17,Email,2023-07-06T04:16:00,17
917,918,18,Meeting,2023-07-07T05:17:00,18
918,919,19,Call,2023-07-08T06:18:00,19
919,920,20,Email,2023-07-09T07:19:00,20
920,921,21,Meeting,2023-07-10T08:20:00,21
921,922,22,Call,2023-07-11T09:21:00,22
922,923,23,Email,2023-07-12T10:22:00,23
923,924,24,Meeting,2023-07-13T11:23:00,24
924,925,25,Call,2023-07-14T12:24:00,25
925,926,26,Email,2023-07-15T13:25:00,26
926,927,27,Meeting,2023-07-16T14:26:00,27
927,928,28,Call,2023-07-17T15:27:00,28
928,929,29,Email,2023-07-18T16:28:00,29
929,930,30,Meeting,2023-07-19T17:29:00,30
930,931,31,Call,2023-07-20T18:30:00,31
931,932,32,Email,2023-07-21T19:31:00,32
932,933,33,Meeting,2023-07-22T20:32:00,33
933,934,34,Call,2023-07-23T21:33:00,34
934,935,35,Email,2023-07-24T22:34:00,35
935,936,36,Meeting,2023-07-25T23:35:00,36
936,937,37,Call,2023-07-26T00:36:00,37
937,938,38,Email,2023-07-27T01:37:00,38
938,939,39,Meeting,2023-07-28T02:38:00,39
939,940,40,Call,2023-07-29T03:39:00,40
940,941,41,Email,2023-07-30T04:40:00,41
941,942,42,Meeting,2023-07-31T05:41:00,42
942,943,43,Call,2023-08-01T06:42:00,43
943,944,44,Email,2023-08-02T07:43:00,44
944,945,45,Meeting,2023-08-03T08:44:00,45
945,946,46,Call,2023-08-04T09:45:00,46
946,947,47,Email,2023-08-05T10:46:00,47
947,948,48,Meeting,2023-08-06T11:47:00,48
948,949,49,Call,2023-08-07T12:48:00,49
949,950,50,Email,2023-08-08T13:49:00,50
950,951,51,Meeting,2023-08-09T14:50:00,51
951,952,52,Call,2023-08-10T15:51:00,52
952,953,53,Email,2023-08-11T16:52:00,53
953,954,54,Meeting,2023-08-12T17:53:00,54
954,955,55,Call,2023-08-13T18:54:00,55
955,956,56,Email,2023-08-14T19:55:00,56
956,957,57,Meeting,2023-08-15T20:56:00,57
957,958,58,Call,2023-08-16T21:57:00,58
958,959,59,Email,2023-08-17T22:58:00,59
959,960,60,Meeting,2023-08-18T23:59:00,60
960,961,61,Call,2023-08-19T00:00:00,1
961,962,62,Email,2023-08-20T01:01:00,2
962,963,63,Meeting,2023-08-21T02:02:00,3
963,964,64,Call,2023-08-22T03:03:00,4
964,965,65,Email,2023-08-23T04:04:00,5
965,966,66,Meeting,2023-08-24T05:05:00,6
966,967,67,Call,2023-08-25T06:06:00,7
967,968,68,Email,2023-08-26T07:07:00,8
968,969,69,Meeting,2023-08-27T08:08:00,9
969,970,70,Call,2023-08-28T09:09:00,10
970,971,71,Email,2023-08-29T10:10:00,11
971,972,72,Meeting,2023-08-30T11:11:00,12
972,973,73,Call,2023-08-31T12:12:00,13
973,974,74,Email,2023-09-01T13:13:00,14
974,975,75,Meeting,2023-09-02T14:14:00,15
975,976,76,Call,2023-09-03T15:15:00,16
976,977,77,Email,2023-09-04T16:16:00,17
977,978,78,Meeting,2023-09-05T17:17:00,18
978,979,79,Call,2023-09-06T18:18:00,19
979,980,80,Email,2023-09-07T19:19:00,20
980,981,81,Meeting,2023-09-08T20:20:00,21
981,982,82,Call,2023-09-09T21:21:00,22
982,983,83,Email,2023-09-10T22:22:00,23
983,984,84,Meeting,2023-09-11T23:23:00,24
984,985,85,Call,2023-09-12T00:24:00,25
985,986,86,Email,2023-09-13T01:25:00,26
986,987,87,Meeting,2023-09-14T02:26:00,27
987,988,88,Call,2023-09-15T03:27:00,28
988,989,89,Email,2023-09-16T04:28:00,29
989,990,90,Meeting,2023-09-17T05:29:00,30
990,991,91,Call,2023-09-18T06:30:00,31
991,992,92,Email,2023-09-19T07:31:00,32
992,993,93,Meeting,2023-09-20T08:32:00,33
993,994,94,Call,2023-09-21T09:33:00,34
994,995,95,Email,2023-09-22T10:34:00,35
995,996,96,Meeting,2023-09-23T11:35:00,36
996,997,97,Call,2023-09-24T12:36:00,37
997,998,98,Email,2023-09-25T13:37:00,38
998,999,99,Meeting,2023-09-26T14:38:00,39
999,1000,100,Call,2023-09-27T15:39:00,40
1000,1,1,Email,2023-09-28T16:40:00,41
1001,2,2,Meeting,2023-09-29T17:41:00,42
1002,3,3,Call,2023-09-30T18:42:00,43
1003,4,4,Email,2023-10-01T19:43:00,44
1004,5,5,Meeting,2023-10-02T20:44:00,45
1005,6,6,Call,2023-10-03T21:45:00,46
1006,7,7,Email,2023-10-04T22:46:00,47
1007,8,8,Meeting,2023-10-05T23:47:00,48
1008,9,9,Call,2023-10-06T00:48:00,49
1009,10,10,Email,2023-10-07T01:49:00,50
1010,11,11,Meeting,2023-10-08T02:50:00,51
1011,12,12,Call,2023-10-09T03:51:00,52
1012,13,13,Email,2023-10-10T04:52:00,53
1013,14,14,Meeting,2023-10-11T05:53:00,54
1014,15,15,Call,2023-10-12T06:54:00,55
1015,16,16,Email,2023-10-13T07:55:00,56
1016,17,17,Meeting,2023-10-14T08:56:00,57
1017,18,18,Call,2023-10-15T09:57:00,58
1018,19,19,Email,2023-10-16T10:58:00,59
1019,20,20,Meeting,2023-10-17T11:59:00,60
1020,21,21,Call,2023-10-18T12:00:00,1
1021,22,22,Email,2023-10-19T13:01:00,2
1022,23,23,Meeting,2023-10-20T14:02:00,3
1023,24,24,Call,2023-10-21T15:03:00,4
1024,25,25,Email,2023-10-22T16:04:00,5
1025,26,26,Meeting,2023-10-23T17:05:00,6
1026,27,27,Call,2023-10-24T18:06:00,7
1027,28,28,Email,2023-10-25T19:07:00,8
1028,29,29,Meeting,2023-10-26T20:08:00,9
1029,30,30,Call,2023-10-27T21:09:00,10
1030,31,31,Email,2023-10-28T22:10:00,11
1031,32,32,Meeting,2023-10-29T23:11:00,12
1032,33,33,Call,2023-10-30T00:12:00,13
1033,34,34,Email,2023-10-31T01:13:00,14
1034,35,35,Meeting,2023-11-01T02:14:00,15
1035,36,36,Call,2023-11-02T03:15:00,16
1036,37,37,Email,2023-11-03T04:16:00,17
1037,38,38,Meeting,2023-11-04T05:17:00,18
1038,39,39,Call,2023-11-05T06:18:00,19
1039,40,40,Email,2023-11-06T07:19:00,20
1040,41,41,Meeting,2023-11-07T08:20:00,21
1041,42,42,Call,2023-11-08T09:21:00,22
1042,43,43,Email,2023-11-09T10:22:00,23
1043,44,44,Meeting,2023-11-10T11:23:00,24
1044,45,45,Call,2023-11-11T12:24:00,25
1045,46,46,Email,2023-11-12T13:25:00,26
1046,47,47,Meeting,2023-11-13T14:26:00,27
1047,48,48,Call,2023-11-14T15:27:00,28
1048,49,49,Email,2023-11-15T16:28:00,29
1049,50,50,Meeting,2023-11-16T17:29:00,30
1050,51,51,Call,2023-11-17T18:30:00,31
1051,52,52,Email,2023-11-18T19:31:00,32
1052,53,53,Meeting,2023-11-19T20:32:00,33
1053,54,54,Call,2023-11-20T21:33:00,34
1054,55,55,Email,2023-11-21T22:34:00,35
1055,56,56,Meeting,2023-11-22T23:35:00,36
1056,57,57,Call,2023-11-23T00:36:00,37
1057,58,58,Email,2023-11-24T01:37:00,38
1058,59,59,Meeting,2023-11-25T02:38:00,39
1059,60,60,Call,2023-11-26T03:39:00,40
1060,61,61,Email,2023-11-27T04:40:00,41
1061,62,62,Meeting,2023-11-28T05:41:00,42
1062,63,63,Call,2023-11-29T06:42:00,43
1063,64,64,Email,2023-11-30T07:43:00,44
1064,65,65,Meeting,2023-12-01T08:44:00,45
1065,66,66,Call,2023-12-02T09:45:00,46
1066,67,67,Email,2023-12-03T10:46:00,47
1067,68,68,Meeting,2023-12-04T11:47:00,48
1068,69,69,Call,2023-12-05T12:48:00,49
1069,70,70,Email,2023-12-06T13:49:00,50
1070,71,71,Meeting,2023-12-07T14:50:00,51
1071,72,72,Call,2023-12-08T15:51:00,52
1072,73,73,Email,2023-12-09T16:52:00,53
1073,74,74,Meeting,2023-12-10T17:53:00,54
1074,75,75,Call,2023-12-11T18:54:00,55
1075,76,76,Email,2023-12-12T19:55:00,56
1076,77,77,Meeting,2023-12-13T20:56:00,57
1077,78,78,Call,2023-12-14T21:57:00,58
1078,79,79,Email,2023-12-15T22:58:00,59
1079,80,80,Meeting,2023-12-16T23:59:00,60
1080,81,81,Call,2023-12-17T00:00:00,1
1081,82,82,Email,2023-12-18T01:01:00,2
1082,83,83,Meeting,2023-12-19T02:02:00,3
1083,84,84,Call,2023-12-20T03:03:00,4
1084,85,85,Email,2023-12-21T04:04:00,5
1085,86,86,Meeting,2023-12-22T05:05:00,6
1086,87,87,Call,2023-12-23T06:06:00,7
1087,88,88,Email,2023-12-24T07:07:00,8
1088,89,89,Meeting,2023-12-25T08:08:00,9
1089,90,90,Call,2023-12-26T09:09:00,10
1090,91,91,Email,2023-12-27T10:10:00,11
1091,92,92,Meeting,2023-12-28T11:11:00,12
1092,93,93,Call,2023-12-29T12:12:00,13
1093,94,94,Email,2023-12-30T13:13:00,14
1094,95,95,Meeting,2023-12-31T14:14:00,15
1095,96,96,Call,2023-01-01T15:15:00,16
1096,97,97,Email,2023-01-02T16:16:00,17
1097,98,98,Meeting,2023-01-03T17:17:00,18
1098,99,99,Call,2023-01-04T18:18:00,19
1099,100,100,Email,2023-01-05T19:19:00,20
1100,101,1,Meeting,2023-01-06T20:20:00,21
1101,102,2,Call,2023-01-07T21:21:00,22
1102,103,3,Email,2023-01-08T22:22:00,23
1103,104,4,Meeting,2023-01-09T23:23:00,24
1104,105,5,Call,2023-01-10T00:24:00,25
1105,106,6,Email,2023-01-11T01:25:00,26
1106,107,7,Meeting,2023-01-12T02:26:00,27
1107,108,8,Call,2023-01-13T03:27:00,28
1108,109,9,Email,2023-01-14T04:28:00,29
1109,110,10,Meeting,2023-01-15T05:29:00,30
1110,111,11,Call,2023-01-16T06:30:00,31
1111,112,12,Email,2023-01-17T07:31:00,32
1112,113,13,Meeting,2023-01-18T08:32:00,33
1113,114,14,Call,2023-01-19T09:33:00,34
1114,115,15,Email,2023-01-20T10:34:00,35
1115,116,16,Meeting,2023-01-21T11:35:00,36
1116,117,17,Call,2023-01-22T12:36:00,37
1117,118,18,Email,2023-01-23T13:37:00,38
1118,119,19,Meeting,2023-01-24T14:38:00,39
1119,120,20,Call,2023-01-25T15:39:00,40
1120,121,21,Email,2023-01-26T16:40:00,41
1121,122,22,Meeting,2023-01-27T17:41:00,42
1122,123,23,Call,2023-01-28T18:42:00,43
1123,124,24,Email,2023-01-29T19:43:00,44
1124,125,25,Meeting,2023-01-30T20:44:00,45
1125,126,26,Call,2023-01-31T21:45:00,46
1126,127,27,Email,2023-02-01T22:46:00,47
1127,128,28,Meeting,2023-02-02T23:47:00,48
1128,129,29,Call,2023-02-03T00:48:00,49
1129,130,30,Email,2023-02-04T01:49:00,50
1130,131,31,Meeting,2023-02-05T02:50:00,51
1131,132,32,Call,2023-02-06T03:51:00,52
1132,133,33,Email,2023-02-07T04:52:00,53
1133,134,34,Meeting,2023-02-08T05:53:00,54
1134,135,35,Call,2023-02-09T06:54:00,55
1135,136,36,Email,2023-02-10T07:55:00,56
1136,137,37,Meeting,2023-02-11T08:56:00,57
1137,138,38,Call,2023-02-12T09:57:00,58
1138,139,39,Email,2023-02-13T10:58:00,59
1139,140,40,Meeting,2023-02-14T11:59:00,60
1140,141,41,Call,2023-02-15T12:00:00,1
1141,142,42,Email,2023-02-16T13:01:00,2
1142,143,43,Meeting,2023-02-17T14:02:00,3
1143,144,44,Call,2023-02-18T15:03:00,4
1144,145,45,Email,2023-02-19T16:04:00,5
1145,146,46,Meeting,2023-02-20T17:05:00,6
1146,147,47,Call,2023-02-21T18:06:00,7
1147,148,48,Email,2023-02-22T19:07:00,8
1148,149,49,Meeting,2023-02-23T20:08:00,9
1149,150,50,Call,2023-02-24T21:09:00,10
1150,151,51,Email,2023-02-25T22:10:00,11
1151,152,52,Meeting,2023-02-26T23:11:00,12
1152,153,53,Call,2023-02-27T00:12:00,13
1153,154,54,Email,2023-02-28T01:13:00,14
1154,155,55,Meeting,2023-03-01T02:14:00,15
1155,156,56,Call,2023-03-02T03:15:00,16
1156,157,57,Email,2023-03-03T04:16:00,17
1157,158,58,Meeting,2023-03-04T05:17:00,18
1158,159,59,Call,2023-03-05T06:18:00,19
1159,160,60,Email,2023-03-06T07:19:00,20
1160,161,61,Meeting,2023-03-07T08:20:00,21
1161,162,62,Call,2023-03-08T09:21:00,22
1162,163,63,Email,2023-03-09T10:22:00,23
1163,164,64,Meeting,2023-03-10T11:23:00,24
1164,165,65,Call,2023-03-11T12:24:00,25
1165,166,66,Email,2023-03-12T13:25:00,26
1166,167,67,Meeting,2023-03-13T14:26:00,27
1167,168,68,Call,2023-03-14T15:27:00,28
1168,169,69,Email,2023-03-15T16:28:00,29
1169,170,70,Meeting,2023-03-16T17:29:00,30
1170,171,71,Call,2023-03-17T18:30:00,31
1171,172,72,Email,2023-03-18T19:31:00,32
1172,173,73,Meeting,2023-03-19T20:32:00,33
1173,174,74,Call,2023-03-20T21:33:00,34
1174,175,75,Email,2023-03-21T22:34:00,35
1175,176,76,Meeting,2023-03-22T23:35:00,36
1176,177,77,Call,2023-03-23T00:36:00,37
1177,178,78,Email,2023-03-24T01:37:00,38
1178,179,79,Meeting,2023-03-25T02:38:00,39
1179,180,80,Call,2023-03-26T03:39:00,40
1180,181,81,Email,2023-03-27T04:40:00,41
1181,182,82,Meeting,2023-03-28T05:41:00,42
1182,183,83,Call,2023-03-29T06:42:00,43
1183,184,84,Email,2023-03-30T07:43:00,44
1184,185,85,Meeting,2023-03-31T08:44:00,45
1185,186,86,Call,2023-04-01T09:45:00,46
1186,187,87,Email,2023-04-02T10:46:00,47
1187,188,88,Meeting,2023-04-03T11:47:00,48
1188,189,89,Call,2023-04-04T12:48:00,49
1189,190,90,Email,2023-04-05T13:49:00,50
1190,191,91,Meeting,2023-04-06T14:50:00,51
1191,192,92,Call,2023-04-07T15:51:00,52
1192,193,93,Email,2023-04-08T16:52:00,53
1193,194,94,Meeting,2023-04-09T17:53:00,54
1194,195,95,Call,2023-04-10T18:54:00,55
1195,196,96,Email,2023-04-11T19:55:00,56
1196,197,97,Meeting,2023-04-12T20:56:00,57
1197,198,98,Call,2023-04-13T21:57:00,58
1198,199,99,Email,2023-04-14T22:58:00,59
1199,200,100,Meeting,2023-04-15T23:59:00,60
1200,201,1,Call,2023-04-16T00:00:00,1
1201,202,2,Email,2023-04-17T01:01:00,2
1202,203,3,Meeting,2023-04-18T02:02:00,3
1203,204,4,Call,2023-04-19T03:03:00,4
1204,205,5,Email,2023-04-20T04:04:00,5
1205,206,6,Meeting,2023-04-21T05:05:00,6
1206,207,7,Call,2023-04-22T06:06:00,7
1207,208,8,Email,2023-04-23T07:07:00,8
1208,209,9,Meeting,2023-04-24T08:08:00,9
1209,210,10,Call,2023-04-25T09:09:00,10
1210,211,11,Email,2023-04-26T10:10:00,11
1211,212,12,Meeting,2023-04-27T11:11:00,12
1212,213,13,Call,2023-04-28T12:12:00,13
1213,214,14,Email,2023-04-29T13:13:00,14
1214,215,15,Meeting,2023-04-30T14:14:00,15
1215,216,16,Call,2023-05-01T15:15:00,16
1216,217,17,Email,2023-05-02T16:16:00,17
1217,218,18,Meeting,2023-05-03T17:17:00,18
1218,219,19,Call,2023-05-04T18:18:00,19
1219,220,20,Email,2023-05-05T19:19:00,20
1220,221,21,Meeting,2023-05-06T20:20:00,21
1221,222,22,Call,2023-05-07T21:21:00,22
1222,223,23,Email,2023-05-08T22:22:00,23
1223,224,24,Meeting,2023-05-09T23:23:00,24
1224,225,25,Call,2023-05-10T00:24:00,25
1225,226,26,Email,2023-05-11T01:25:00,26
1226,227,27,Meeting,2023-05-12T02:26:00,27
1227,228,28,Call,2023-05-13T03:27:00,28
1228,229,29,Email,2023-05-14T04:28:00,29
1229,230,30,Meeting,2023-05-15T05:29:00,30
1230,231,31,Call,2023-05-16T06:30:00,31
1231,232,32,Email,2023-05-17T07:31:00,32
1232,233,33,Meeting,2023-05-18T08:32:00,33
1233,234,34,Call,2023-05-19T09:33:00,34
1234,235,35,Email,2023-05-20T10:34:00,35
1235,236,36,Meeting,2023-05-21T11:35:00,36
1236,237,37,Call,2023-05-22T12:36:00,37
1237,238,38,Email,2023-05-23T13:37:00,38
1238,239,39,Meeting,2023-05-24T14:38:00,39
1239,240,40,Call,2023-05-25T15:39:00,40
1240,241,41,Email,2023-05-26T16:40:00,41
1241,242,42,Meeting,2023-05-27T17:41:00,42
1242,243,43,Call,2023-05-28T18:42:00,43
1243,244,44,Email,2023-05-29T19:43:00,44
1244,245,45,Meeting,2023-05-30T20:44:00,45
1245,246,46,Call,2023-05-31T21:45:00,46
1246,247,47,Email,2023-06-01T22:46:00,47
1247,248,48,Meeting,2023-06-02T23:47:00,48
1248,249,49,Call,2023-06-03T00:48:00,49
1249,250,50,Email,2023-06-04T01:49:00,50
1250,251,51,Meeting,2023-06-05T02:50:00,51
1251,252,52,Call,2023-06-06T03:51:00,52
1252,253,53,Email,2023-06-07T04:52:00,53
1253,254,54,Meeting,2023-06-08T05:53:00,54
1254,255,55,Call,2023-06-09T06:54:00,55
1255,256,56,Email,2023-06-10T07:55:00,56
1256,257,57,Meeting,2023-06-11T08:56:00,57
1257,258,58,Call,2023-06-12T09:57:00,58
1258,259,59,Email,2023-06-13T10:58:00,59
1259,260,60,Meeting,2023-06-14T11:59:00,60
1260,261,61,Call,2023-06-15T12:00:00,1
1261,262,62,Email,2023-06-16T13:01:00,2
1262,263,63,Meeting,2023-06-17T14:02:00,3
1263,264,64,Call,2023-06-18T15:03:00,4
1264,265,65,Email,2023-06-19T16:04:00,5
1265,266,66,Meeting,2023-06-20T17:05:00,6
1266,267,67,Call,2023-06-21T18:06:00,7
1267,268,68,Email,2023-06-22T19:07:00,8
1268,269,69,Meeting,2023-06-23T20:08:00,9
1269,270,70,Call,2023-06-24T21:09:00,10
1270,271,71,Email,2023-06-25T22:10:00,11
1271,272,72,Meeting,2023-06-26T23:11:00,12
1272,273,73,Call,2023-06-27T00:12:00,13
1273,274,74,Email,2023-06-28T01:13:00,14
1274,275,75,Meeting,2023-06-29T02:14:00,15
1275,276,76,Call,2023-06-30T03:15:00,16
1276,277,77,Email,2023-07-01T04:16:00,17
1277,278,78,Meeting,2023-07-02T05:17:00,18
1278,279,79,Call,2023-07-03T06:18:00,19
1279,280,80,Email,2023-07-04T07:19:00,20
1280,281,81,Meeting,2023-07-05T08:20:00,21
1281,282,82,Call,2023-07-06T09:21:00,22
1282,283,83,Email,2023-07-07T10:22:00,23
1283,284,84,Meeting,2023-07-08T11:23:00,24
1284,285,85,Call,2023-07-09T12:24:00,25
1285,286,86,Email,2023-07-10T13:25:00,26
1286,287,87,Meeting,2023-07-11T14:26:00,27
1287,288,88,Call,2023-07-12T15:27:00,28
1288,289,89,Email,2023-07-13T16:28:00,29
1289,290,90,Meeting,2023-07-14T17:29:00,30
1290,291,91,Call,2023-07-15T18:30:00,31
1291,292,92,Email,2023-07-16T19:31:00,32
1292,293,93,Meeting,2023-07-17T20:32:00,33
1293,294,94,Call,2023-07-18T21:33:00,34
1294,295,95,Email,2023-07-19T22:34:00,35
1295,296,96,Meeting,2023-07-20T23:35:00,36
1296,297,97,Call,2023-07-21T00:36:00,37
1297,298,98,Email,2023-07-22T01:37:00,38
1298,299,99,Meeting,2023-07-23T02:38:00,39
1299,300,100,Call,2023-07-24T03:39:00,40
1300,301,1,Email,2023-07-25T04:40:00,41
1301,302,2,Meeting,2023-07-26T05:41:00,42
1302,303,3,Call,2023-07-27T06:42:00,43
1303,304,4,Email,2023-07-28T07:43:00,44
1304,305,5,Meeting,2023-07-29T08:44:00,45
1305,306,6,Call,2023-07-30T09:45:00,46
1306,307,7,Email,2023-07-31T10:46:00,47
1307,308,8,Meeting,2023-08-01T11:47:00,48
1308,309,9,Call,2023-08-02T12:48:00,49
1309,310,10,Email,2023-08-03T13:49:00,50
1310,311,11,Meeting,2023-08-04T14:50:00,51
1311,312,12,Call,2023-08-05T15:51:00,52
1312,313,13,Email,2023-08-06T16:52:00,53
1313,314,14,Meeting,2023-08-07T17:53:00,54
1314,315,15,Call,2023-08-08T18:54:00,55
1315,316,16,Email,2023-08-09T19:55:00,56
1316,317,17,Meeting,2023-08-10T20:56:00,57
1317,318,18,Call,2023-08-11T21:57:00,58
1318,319,19,Email,2023-08-12T22:58:00,59
1319,320,20,Meeting,2023-08-13T23:59:00,60
1320,321,21,Call,2023-08-14T00:00:00,1
1321,322,22,Email,2023-08-15T01:01:00,2
1322,323,23,Meeting,2023-08-16T02:02:00,3
1323,324,24,Call,2023-08-17T03:03:00,4
1324,325,25,Email,2023-08-18T04:04:00,5
1325,326,26,Meeting,2023-08-19T05:05:00,6
1326,327,27,Call,2023-08-20T06:06:00,7
1327,328,28,Email,2023-08-21T07:07:00,8
1328,329,29,Meeting,2023-08-22T08:08:00,9
1329,330,30,Call,2023-08-23T09:09:00,10
1330,331,31,Email,2023-08-24T10:10:00,11
1331,332,32,Meeting,2023-08-25T11:11:00,12
1332,333,33,Call,2023-08-26T12:12:00,13
1333,334,34,Email,2023-08-27T13:13:00,14
1334,335,35,Meeting,2023-08-28T14:14:00,15
1335,336,36,Call,2023-08-29T15:15:00,16
1336,337,37,Email,2023-08-30T16:16:00,17
1337,338,38,Meeting,2023-08-31T17:17:00,18
1338,339,39,Call,2023-09-01T18:18:00,19
1339,340,40,Email,2023-09-02T19:19:00,20
1340,341,41,Meeting,2023-09-03T20:20:00,21
1341,342,42,Call,2023-09-04T21:21:00,22
1342,343,43,Email,2023-09-05T22:22:00,23
1343,344,44,Meeting,2023-09-06T23:23:00,24
1344,345,45,Call,2023-09-07T00:24:00,25
1345,346,46,Email,2023-09-08T01:25:00,26
1346,347,47,Meeting,2023-09-09T02:26:00,27
1347,348,48,Call,2023-09-10T03:27:00,28
1348,349,49,Email,2023-09-11T04:28:00,29
1349,350,50,Meeting,2023-09-12T05:29:00,30
1350,351,51,Call,2023-09-13T06:30:00,31
1351,352,52,Email,2023-09-14T07:31:00,32
1352,353,53,Meeting,2023-09-15T08:32:00,33
1353,354,54,Call,2023-09-16T09:33:00,34
1354,355,55,Email,2023-09-17T10:34:00,35
1355,356,56,Meeting,2023-09-18T11:35:00,36
1356,357,57,Call,2023-09-19T12:36:00,37
1357,358,58,Email,2023-09-20T13:37:00,38
1358,359,59,Meeting,2023-09-21T14:38:00,39
1359,360,60,Call,2023-09-22T15:39:00,40
1360,361,61,Email,2023-09-23T16:40:00,41
1361,362,62,Meeting,2023-09-24T17:41:00,42
1362,363,63,Call,2023-09-25T18:42:00,43
1363,364,64,Email,2023-09-26T19:43:00,44
1364,365,65,Meeting,2023-09-27T20:44:00,45
1365,366,66,Call,2023-09-28T21:45:00,46
1366,367,67,Email,2023-09-29T22:46:00,47
1367,368,68,Meeting,2023-09-30T23:47:00,48
1368,369,69,Call,2023-10-01T00:48:00,49
1369,370,70,Email,2023-10-02T01:49:00,50
1370,371,71,Meeting,2023-10-03T02:50:00,51
1371,372,72,Call,2023-10-04T03:51:00,52
1372,373,73,Email,2023-10-05T04:52:00,53
1373,374,74,Meeting,2023-10-06T05:53:00,54
1374,375,75,Call,2023-10-07T06:54:00,55
1375,376,76,Email,2023-10-08T07:55:00,56
1376,377,77,Meeting,2023-10-09T08:56:00,57
1377,378,78,Call,2023-10-10T09:57:00,58
1378,379,79,Email,2023-10-11T10:58:00,59
1379,380,80,Meeting,2023-10-12T11:59:00,60
1380,381,81,Call,2023-10-13T12:00:00,1
1381,382,82,Email,2023-10-14T13:01:00,2
1382,383,83,Meeting,2023-10-15T14:02:00,3
1383,384,84,Call,2023-10-16T15:03:00,4
1384,385,85,Email,2023-10-17T16:04:00,5
1385,386,86,Meeting,2023-10-18T17:05:00,6
1386,387,87,Call,2023-10-19T18:06:00,7
1387,388,88,Email,2023-10-20T19:07:00,8
1388,389,89,Meeting,2023-10-21T20:08:00,9
1389,390,90,Call,2023-10-22T21:09:00,10
1390,391,91,Email,2023-10-23T22:10:00,11
1391,392,92,Meeting,2023-10-24T23:11:00,12
1392,393,93,Call,2023-10-25T00:12:00,13
1393,394,94,Email,2023-10-26T01:13:00,14
1394,395,95,Meeting,2023-10-27T02:14:00,15
1395,396,96,Call,2023-10-28T03:15:00,16
1396,397,97,Email,2023-10-29T04:16:00,17
1397,398,98,Meeting,2023-10-30T05:17:00,18
1398,399,99,Call,2023-10-31T06:18:00,19
1399,400,100,Email,2023-11-01T07:19:00,20
1400,401,1,Meeting,2023-11-02T08:20:00,21
1401,402,2,Call,2023-11-03T09:21:00,22
1402,403,3,Email,2023-11-04T10:22:00,23
1403,404,4,Meeting,2023-11-05T11:23:00,24
1404,405,5,Call,2023-11-06T12:24:00,25
1405,406,6,Email,2023-11-07T13:25:00,26
1406,407,7,Meeting,2023-11-08T14:26:00,27
1407,408,8,Call,2023-11-09T15:27:00,28
1408,409,9,Email,2023-11-10T16:28:00,29
1409,410,10,Meeting,2023-11-11T17:29:00,30
1410,411,11,Call,2023-11-12T18:30:00,31
1411,412,12,Email,2023-11-13T19:31:00,32
1412,413,13,Meeting,2023-11-14T20:32:00,33
1413,414,14,Call,2023-11-15T21:33:00,34
1414,415,15,Email,2023-11-16T22:34:00,35
1415,416,16,Meeting,2023-11-17T23:35:00,36
1416,417,17,Call,2023-11-18T00:36:00,37
1417,418,18,Email,2023-11-19T01:37:00,38
1418,419,19,Meeting,2023-11-20T02:38:00,39
1419,420,20,Call,2023-11-21T03:39:00,40
1420,421,21,Email,2023-11-22T04:40:00,41
1421,422,22,Meeting,2023-11-23T05:41:00,42
1422,423,23,Call,2023-11-24T06:42:00,43
1423,424,24,Email,2023-11-25T07:43:00,44
1424,425,25,Meeting,2023-11-26T08:44:00,45
1425,426,26,Call,2023-11-27T09:45:00,46
1426,427,27,Email,2023-11-28T10:46:00,47
1427,428,28,Meeting,2023-11-29T11:47:00,48
1428,429,29,Call,2023-11-30T12:48:00,49
1429,430,30,Email,2023-12-01T13:49:00,50
1430,431,31,Meeting,2023-12-02T14:50:00,51
1431,432,32,Call,2023-12-03T15:51:00,52
1432,433,33,Email,2023-12-04T16:52:00,53
1433,434,34,Meeting,2023-12-05T17:53:00,54
1434,435,35,Call,2023-12-06T18:54:00,55
1435,436,36,Email,2023-12-07T19:55:00,56
1436,437,37,Meeting,2023-12-08T20:56:00,57
1437,438,38,Call,2023-12-09T21:57:00,58
1438,439,39,Email,2023-12-10T22:58:00,59
1439,440,40,Meeting,2023-12-11T23:59:00,60
1440,441,41,Call,2023-12-12T00:00:00,1
1441,442,42,Email,2023-12-13T01:01:00,2
1442,443,43,Meeting,2023-12-14T02:02:00,3
1443,444,44,Call,2023-12-15T03:03:00,4
1444,445,45,Email,2023-12-16T04:04:00,5
1445,446,46,Meeting,2023-12-17T05:05:00,6
1446,447,47,Call,2023-12-18T06:06:00,7
1447,448,48,Email,2023-12-19T07:07:00,8
1448,449,49,Meeting,2023-12-20T08:08:00,9
1449,450,50,Call,2023-12-21T09:09:00,10
1450,451,51,Email,2023-12-22T10:10:00,11
1451,452,52,Meeting,2023-12-23T11:11:00,12
1452,453,53,Call,2023-12-24T12:12:00,13
1453,454,54,Email,2023-12-25T13:13:00,14
1454,455,55,Meeting,2023-12-26T14:14:00,15
1455,456,56,Call,2023-12-27T15:15:00,16
1456,457,57,Email,2023-12-28T16:16:00,17
1457,458,58,Meeting,2023-12-29T17:17:00,18
1458,459,59,Call,2023-12-30T18:18:00,19
1459,460,60,Email,2023-12-31T19:19:00,20
1460,461,61,Meeting,2023-01-01T20:20:00,21
1461,462,62,Call,2023-01-02T21:21:00,22
1462,463,63,Email,2023-01-03T22:22:00,23
1463,464,64,Meeting,2023-01-04T23:23:00,24
1464,465,65,Call,2023-01-05T00:24:00,25
1465,466,66,Email,2023-01-06T01:25:00,26
1466,467,67,Meeting,2023-01-07T02:26:00,27
1467,468,68,Call,2023-01-08T03:27:00,28
1468,469,69,Email,2023-01-09T04:28:00,29
1469,470,70,Meeting,2023-01-10T05:29:00,30
1470,471,71,Call,2023-01-11T06:30:00,31
1471,472,72,Email,2023-01-12T07:31:00,32
1472,473,73,Meeting,2023-01-13T08:32:00,33
1473,474,74,Call,2023-01-14T09:33:00,34
1474,475,75,Email,2023-01-15T10:34:00,35
1475,476,76,Meeting,2023-01-16T11:35:00,36
1476,477,77,Call,2023-01-17T12:36:00,37
1477,478,78,Email,2023-01-18T13:37:00,38
1478,479,79,Meeting,2023-01-19T14:38:00,39
1479,480,80,Call,2023-01-20T15:39:00,40
1480,481,81,Email,2023-01-21T16:40:00,41
1481,482,82,Meeting,2023-01-22T17:41:00,42
1482,483,83,Call,2023-01-23T18:42:00,43
1483,484,84,Email,2023-01-24T19:43:00,44
1484,485,85,Meeting,2023-01-25T20:44:00,45
1485,486,86,Call,2023-01-26T21:45:00,46
1486,487,87,Email,2023-01-27T22:46:00,47
1487,488,88,Meeting,2023-01-28T23:47:00,48
1488,489,89,Call,2023-01-29T00:48:00,49
1489,490,90,Email,2023-01-30T01:49:00,50
1490,491,91,Meeting,2023-01-31T02:50:00,51
1491,492,92,Call,2023-02-01T03:51:00,52
1492,493,93,Email,2023-02-02T04:52:00,53
1493,494,94,Meeting,2023-02-03T05:53:00,54
1494,495,95,Call,2023-02-04T06:54:00,55
1495,496,96,Email,2023-02-05T07:55:00,56
1496,497,97,Meeting,2023-02-06T08:56:00,57
1497,498,98,Call,2023-02-07T09:57:00,58
1498,499,99,Email,2023-02-08T10:58:00,59
1499,500,100,Meeting,2023-02-09T11:59:00,60
1500,501,1,Call,2023-02-10T12:00:00,1
1501,502,2,Email,2023-02-11T13:01:00,2
1502,503,3,Meeting,2023-02-12T14:02:00,3
1503,504,4,Call,2023-02-13T15:03:00,4
1504,505,5,Email,2023-02-14T16:04:00,5
1505,506,6,Meeting,2023-02-15T17:05:00,6
1506,507,7,Call,2023-02-16T18:06:00,7
1507,508,8,Email,2023-02-17T19:07:00,8
1508,509,9,Meeting,2023-02-18T20:08:00,9
1509,510,10,Call,2023-02-19T21:09:00,10
1510,511,11,Email,2023-02-20T22:10:00,11
1511,512,12,Meeting,2023-02-21T23:11:00,12
1512,513,13,Call,2023-02-22T00:12:00,13
1513,514,14,Email,2023-02-23T01:13:00,14
1514,515,15,Meeting,2023-02-24T02:14:00,15
1515,516,16,Call,2023-02-25T03:15:00,16
1516,517,17,Email,2023-02-26T04:16:00,17
1517,518,18,Meeting,2023-02-27T05:17:00,18
1518,519,19,Call,2023-02-28T06:18:00,19
1519,520,20,Email,2023-03-01T07:19:00,20
1520,521,21,Meeting,2023-03-02T08:20:00,21
1521,522,22,Call,2023-03-03T09:21:00,22
1522,523,23,Email,2023-03-04T10:22:00,23
1523,524,24,Meeting,2023-03-05T11:23:00,24
1524,525,25,Call,2023-03-06T12:24:00,25
1525,526,26,Email,2023-03-07T13:25:00,26
1526,527,27,Meeting,2023-03-08T14:26:00,27
1527,528,28,Call,2023-03-09T15:27:00,28
1528,529,29,Email,2023-03-10T16:28:00,29
1529,530,30,Meeting,2023-03-11T17:29:00,30
1530,531,31,Call,2023-03-12T18:30:00,31
1531,532,32,Email,2023-03-13T19:31:00,32
1532,533,33,Meeting,2023-03-14T20:32:00,33
1533,534,34,Call,2023-03-15T21:33:00,34
1534,535,35,Email,2023-03-16T22:34:00,35
1535,536,36,Meeting,2023-03-17T23:35:00,36
1536,537,37,Call,2023-03-18T00:36:00,37
1537,538,38,Email,2023-03-19T01:37:00,38
1538,539,39,Meeting,2023-03-20T02:38:00,39
1539,540,40,Call,2023-03-21T03:39:00,40
1540,541,41,Email,2023-03-22T04:40:00,41
1541,542,42,Meeting,2023-03-23T05:41:00,42
1542,543,43,Call,2023-03-24T06:42:00,43
1543,544,44,Email,2023-03-25T07:43:00,44
1544,545,45,Meeting,2023-03-26T08:44:00,45
1545,546,46,Call,2023-03-27T09:45:00,46
1546,547,47,Email,2023-03-28T10:46:00,47
1547,548,48,Meeting,2023-03-29T11:47:00,48
1548,549,49,Call,2023-03-30T12:48:00,49
1549,550,50,Email,2023-03-31T13:49:00,50
1550,551,51,Meeting,2023-04-01T14:50:00,51
1551,552,52,Call,2023-04-02T15:51:00,52
1552,553,53,Email,2023-04-03T16:52:00,53
1553,554,54,Meeting,2023-04-04T17:53:00,54
1554,555,55,Call,2023-04-05T18:54:00,55
1555,556,56,Email,2023-04-06T19:55:00,56
1556,557,57,Meeting,2023-04-07T20:56:00,57
1557,558,58,Call,2023-04-08T21:57:00,58
1558,559,59,Email,2023-04-09T22:58:00,59
1559,560,60,Meeting,2023-04-10T23:59:00,60
1560,561,61,Call,2023-04-11T00:00:00,1
1561,562,62,Email,2023-04-12T01:01:00,2
1562,563,63,Meeting,2023-04-13T02:02:00,3
1563,564,64,Call,2023-04-14T03:03:00,4
1564,565,65,Email,2023-04-15T04:04:00,5
1565,566,66,Meeting,2023-04-16T05:05:00,6
1566,567,67,Call,2023-04-17T06:06:00,7
1567,568,68,Email,2023-04-18T07:07:00,8
1568,569,69,Meeting,2023-04-19T08:08:00,9
1569,570,70,Call,2023-04-20T09:09:00,10
1570,571,71,Email,2023-04-21T10:10:00,11
1571,572,72,Meeting,2023-04-22T11:11:00,12
1572,573,73,Call,2023-04-23T12:12:00,13
1573,574,74,Email,2023-04-24T13:13:00,14
1574,575,75,Meeting,2023-04-25T14:14:00,15
1575,576,76,Call,2023-04-26T15:15:00,16
1576,577,77,Email,2023-04-27T16:16:00,17
1577,578,78,Meeting,2023-04-28T17:17:00,18
1578,579,79,Call,2023-04-29T18:18:00,19
1579,580,80,Email,2023-04-30T19:19:00,20
1580,581,81,Meeting,2023-05-01T20:20:00,21
1581,582,82,Call,2023-05-02T21:21:00,22
1582,583,83,Email,2023-05-03T22:22:00,23
1583,584,84,Meeting,2023-05-04T23:23:00,24
1584,585,85,Call,2023-05-05T00:24:00,25
1585,586,86,Email,2023-05-06T01:25:00,26
1586,587,87,Meeting,2023-05-07T02:26:00,27
1587,588,88,Call,2023-05-08T03:27:00,28
1588,589,89,Email,2023-05-09T04:28:00,29
1589,590,90,Meeting,2023-05-10T05:29:00,30
1590,591,91,Call,2023-05-11T06:30:00,31
1591,592,92,Email,2023-05-12T07:31:00,32
1592,593,93,Meeting,2023-05-13T08:32:00,33
1593,594,94,Call,2023-05-14T09:33:00,34
1594,595,95,Email,2023-05-15T10:34:00,35
1595,596,96,Meeting,2023-05-16T11:35:00,36
1596,597,97,Call,2023-05-17T12:36:00,37
1597,598,98,Email,2023-05-18T13:37:00,38
1598,599,99,Meeting,2023-05-19T14:38:00,39
1599,600,100,Call,2023-05-20T15:39:00,40
1600,601,1,Email,2023-05-21T16:40:00,41
1601,602,2,Meeting,2023-05-22T17:41:00,42
1602,603,3,Call,2023-05-23T18:42:00,43
1603,604,4,Email,2023-05-24T19:43:00,44
1604,605,5,Meeting,2023-05-25T20:44:00,45
1605,606,6,Call,2023-05-26T21:45:00,46
1606,607,7,Email,2023-05-27T22:46:00,47
1607,608,8,Meeting,2023-05-28T23:47:00,48
1608,609,9,Call,2023-05-29T00:48:00,49
1609,610,10,Email,2023-05-30T01:49:00,50
1610,611,11,Meeting,2023-05-31T02:50:00,51
1611,612,12,Call,2023-06-01T03:51:00,52
1612,613,13,Email,2023-06-02T04:52:00,53
1613,614,14,Meeting,2023-06-03T05:53:00,54
1614,615,15,Call,2023-06-04T06:54:00,55
1615,616,16,Email,2023-06-05T07:55:00,56
1616,617,17,Meeting,2023-06-06T08:56:00,57
1617,618,18,Call,2023-06-07T09:57:00,58
1618,619,19,Email,2023-06-08T10:58:00,59
1619,620,20,Meeting,2023-06-09T11:59:00,60
1620,621,21,Call,2023-06-10T12:00:00,1
1621,622,22,Email,2023-06-11T13:01:00,2
1622,623,23,Meeting,2023-06-12T14:02:00,3
1623,624,24,Call,2023-06-13T15:03:00,4
1624,625,25,Email,2023-06-14T16:04:00,5
1625,626,26,Meeting,2023-06-15T17:05:00,6
1626,627,27,Call,2023-06-16T18:06:00,7
1627,628,28,Email,2023-06-17T19:07:00,8
1628,629,29,Meeting,2023-06-18T20:08:00,9
1629,630,30,Call,2023-06-19T21:09:00,10
1630,631,31,Email,2023-06-20T22:10:00,11
1631,632,32,Meeting,2023-06-21T23:11:00,12
1632,633,33,Call,2023-06-22T00:12:00,13
1633,634,34,Email,2023-06-23T01:13:00,14
1634,635,35,Meeting,2023-06-24T02:14:00,15
1635,636,36,Call,2023-06-25T03:15:00,16
1636,637,37,Email,2023-06-26T04:16:00,17
1637,638,38,Meeting,2023-06-27T05:17:00,18
1638,639,39,Call,2023-06-28T06:18:00,19
1639,640,40,Email,2023-06-29T07:19:00,20
1640,641,41,Meeting,2023-06-30T08:20:00,21
1641,642,42,Call,2023-07-01T09:21:00,22
1642,643,43,Email,2023-07-02T10:22:00,23
1643,644,44,Meeting,2023-07-03T11:23:00,24
1644,645,45,Call,2023-07-04T12:24:00,25
1645,646,46,Email,2023-07-05T13:25:00,26
1646,647,47,Meeting,2023-07-06T14:26:00,27
1647,648,48,Call,2023-07-07T15:27:00,28
1648,649,49,Email,2023-07-08T16:28:00,29
1649,650,50,Meeting,2023-07-09T17:29:00,30
1650,651,51,Call,2023-07-10T18:30:00,31
1651,652,52,Email,2023-07-11T19:31:00,32
1652,653,53,Meeting,2023-07-12T20:32:00,33
1653,654,54,Call,2023-07-13T21:33:00,34
1654,655,55,Email,2023-07-14T22:34:00,35
1655,656,56,Meeting,2023-07-15T23:35:00,36
1656,657,57,Call,2023-07-16T00:36:00,37
1657,658,58,Email,2023-07-17T01:37:00,38
1658,659,59,Meeting,2023-07-18T02:38:00,39
1659,660,60,Call,2023-07-19T03:39:00,40
1660,661,61,Email,2023-07-20T04:40:00,41
1661,662,62,Meeting,2023-07-21T05:41:00,42
1662,663,63,Call,2023-07-22T06:42:00,43
1663,664,64,Email,2023-07-23T07:43:00,44
1664,665,65,Meeting,2023-07-24T08:44:00,45
1665,666,66,Call,2023-07-25T09:45:00,46
1666,667,67,Email,2023-07-26T10:46:00,47
1667,668,68,Meeting,2023-07-27T11:47:00,48
1668,669,69,Call,2023-07-28T12:48:00,49
1669,670,70,Email,2023-07-29T13:49:00,50
1670,671,71,Meeting,2023-07-30T14:50:00,51
1671,672,72,Call,2023-07-31T15:51:00,52
1672,673,73,Email,2023-08-01T16:52:00,53
1673,674,74,Meeting,2023-08-02T17:53:00,54
1674,675,75,Call,2023-08-03T18:54:00,55
1675,676,76,Email,2023-08-04T19:55:00,56
1676,677,77,Meeting,2023-08-05T20:56:00,57
1677,678,78,Call,2023-08-06T21:57:00,58
1678,679,79,Email,2023-08-07T22:58:00,59
1679,680,80,Meeting,2023-08-08T23:59:00,60
1680,681,81,Call,2023-08-09T00:00:00,1
1681,682,82,Email,2023-08-10T01:01:00,2
1682,683,83,Meeting,2023-08-11T02:02:00,3
1683,684,84,Call,2023-08-12T03:03:00,4
1684,685,85,Email,2023-08-13T04:04:00,5
1685,686,86,Meeting,2023-08-14T05:05:00,6
1686,687,87,Call,2023-08-15T06:06:00,7
1687,688,88,Email,2023-08-16T07:07:00,8
1688,689,89,Meeting,2023-08-17T08:08:00,9
1689,690,90,Call,2023-08-18T09:09:00,10
1690,691,91,Email,2023-08-19T10:10:00,11
1691,692,92,Meeting,2023-08-20T11:11:00,12
1692,693,93,Call,2023-08-21T12:12:00,13
1693,694,94,Email,2023-08-22T13:13:00,14
1694,695,95,Meeting,2023-08-23T14:14:00,15
1695,696,96,Call,2023-08-24T15:15:00,16
1696,697,97,Email,2023-08-25T16:16:00,17
1697,698,98,Meeting,2023-08-26T17:17:00,18
1698,699,99,Call,2023-08-27T18:18:00,19
1699,700,100,Email,2023-08-28T19:19:00,20
1700,701,1,Meeting,2023-08-29T20:20:00,21
1701,702,2,Call,2023-08-30T21:21:00,22
1702,703,3,Email,2023-08-31T22:22:00,23
1703,704,4,Meeting,2023-09-01T23:23:00,24
1704,705,5,Call,2023-09-02T00:24:00,25
1705,706,6,Email,2023-09-03T01:25:00,26
1706,707,7,Meeting,2023-09-04T02:26:00,27
1707,708,8,Call,2023-09-05T03:27:00,28
1708,709,9,Email,2023-09-06T04:28:00,29
1709,710,10,Meeting,2023-09-07T05:29:00,30
1710,711,11,Call,2023-09-08T06:30:00,31
1711,712,12,Email,2023-09-09T07:31:00,32
1712,713,13,Meeting,2023-09-10T08:32:00,33
1713,714,14,Call,2023-09-11T09:33:00,34
1714,715,15,Email,2023-09-12T10:34:00,35
1715,716,16,Meeting,2023-09-13T11:35:00,36
1716,717,17,Call,2023-09-14T12:36:00,37
1717,718,18,Email,2023-09-15T13:37:00,38
1718,719,19,Meeting,2023-09-16T14:38:00,39
1719,720,20,Call,2023-09-17T15:39:00,40
1720,721,21,Email,2023-09-18T16:40:00,41
1721,722,22,Meeting,2023-09-19T17:41:00,42
1722,723,23,Call,2023-09-20T18:42:00,43
1723,724,24,Email,2023-09-21T19:43:00,44
1724,725,25,Meeting,2023-09-22T20:44:00,45
1725,726,26,Call,2023-09-23T21:45:00,46
1726,727,27,Email,2023-09-24T22:46:00,47
1727,728,28,Meeting,2023-09-25T23:47:00,48
1728,729,29,Call,2023-09-26T00:48:00,49
1729,730,30,Email,2023-09-27T01:49:00,50
1730,731,31,Meeting,2023-09-28T02:50:00,51
1731,732,32,Call,2023-09-29T03:51:00,52
1732,733,33,Email,2023-09-30T04:52:00,53
1733,734,34,Meeting,2023-10-01T05:53:00,54
1734,735,35,Call,2023-10-02T06:54:00,55
1735,736,36,Email,2023-10-03T07:55:00,56
1736,737,37,Meeting,2023-10-04T08:56:00,57
1737,738,38,Call,2023-10-05T09:57:00,58
1738,739,39,Email,2023-10-06T10:58:00,59
1739,740,40,Meeting,2023-10-07T11:59:00,60
1740,741,41,Call,2023-10-08T12:00:00,1
1741,742,42,Email,2023-10-09T13:01:00,2
1742,743,43,Meeting,2023-10-10T14:02:00,3
1743,744,44,Call,2023-10-11T15:03:00,4
1744,745,45,Email,2023-10-12T16:04:00,5
1745,746,46,Meeting,2023-10-13T17:05:00,6
1746,747,47,Call,2023-10-14T18:06:00,7
1747,748,48,Email,2023-10-15T19:07:00,8
1748,749,49,Meeting,2023-10-16T20:08:00,9
1749,750,50,Call,2023-10-17T21:09:00,10
1750,751,51,Email,2023-10-18T22:10:00,11
1751,752,52,Meeting,2023-10-19T23:11:00,12
1752,753,53,Call,2023-10-20T00:12:00,13
1753,754,54,Email,2023-10-21T01:13:00,14
1754,755,55,Meeting,2023-10-22T02:14:00,15
1755,756,56,Call,2023-10-23T03:15:00,16
1756,757,57,Email,2023-10-24T04:16:00,17
1757,758,58,Meeting,2023-10-25T05:17:00,18
1758,759,59,Call,2023-10-26T06:18:00,19
1759,760,60,Email,2023-10-27T07:19:00,20
1760,761,61,Meeting,2023-10-28T08:20:00,21
1761,762,62,Call,2023-10-29T09:21:00,22
1762,763,63,Email,2023-10-30T10:22:00,23
1763,764,64,Meeting,2023-10-31T11:23:00,24
1764,765,65,Call,2023-11-01T12:24:00,25
1765,766,66,Email,2023-11-02T13:25:00,26
1766,767,67,Meeting,2023-11-03T14:26:00,27
1767,768,68,Call,2023-11-04T15:27:00,28
1768,769,69,Email,2023-11-05T16:28:00,29
1769,770,70,Meeting,2023-11-06T17:29:00,30
1770,771,71,Call,2023-11-07T18:30:00,31
1771,772,72,Email,2023-11-08T19:31:00,32
1772,773,73,Meeting,2023-11-09T20:32:00,33
1773,774,74,Call,2023-11-10T21:33:00,34
1774,775,75,Email,2023-11-11T22:34:00,35
1775,776,76,Meeting,2023-11-12T23:35:00,36
1776,777,77,Call,2023-11-13T00:36:00,37
1777,778,78,Email,2023-11-14T01:37:00,38
1778,779,79,Meeting,2023-11-15T02:38:00,39
1779,780,80,Call,2023-11-16T03:39:00,40
1780,781,81,Email,2023-11-17T04:40:00,41
1781,782,82,Meeting,2023-11-18T05:41:00,42
1782,783,83,Call,2023-11-19T06:42:00,43
1783,784,84,Email,2023-11-20T07:43:00,44
1784,785,85,Meeting,2023-11-21T08:44:00,45
1785,786,86,Call,2023-11-22T09:45:00,46
1786,787,87,Email,2023-11-23T10:46:00,47
1787,788,88,Meeting,2023-11-24T11:47:00,48
1788,789,89,Call,2023-11-25T12:48:00,49
1789,790,90,Email,2023-11-26T13:49:00,50
1790,791,91,Meeting,2023-11-27T14:50:00,51
1791,792,92,Call,2023-11-28T15:51:00,52
1792,793,93,Email,2023-11-29T16:52:00,53
1793,794,94,Meeting,2023-11-30T17:53:00,54
1794,795,95,Call,2023-12-01T18:54:00,55
1795,796,96,Email,2023-12-02T19:55:00,56
1796,797,97,Meeting,2023-12-03T20:56:00,57
1797,798,98,Call,2023-12-04T21:57:00,58
1798,799,99,Email,2023-12-05T22:58:00,59
1799,800,100,Meeting,2023-12-06T23:59:00,60
1800,801,1,Call,2023-12-07T00:00:00,1
1801,802,2,Email,2023-12-08T01:01:00,2
1802,803,3,Meeting,2023-12-09T02:02:00,3
1803,804,4,Call,2023-12-10T03:03:00,4
1804,805,5,Email,2023-12-11T04:04:00,5
1805,806,6,Meeting,2023-12-12T05:05:00,6
1806,807,7,Call,2023-12-13T06:06:00,7
1807,808,8,Email,2023-12-14T07:07:00,8
1808,809,9,Meeting,2023-12-15T08:08:00,9
1809,810,10,Call,2023-12-16T09:09:00,10
1810,811,11,Email,2023-12-17T10:10:00,11
1811,812,12,Meeting,2023-12-18T11:11:00,12
1812,813,13,Call,2023-12-19T12:12:00,13
1813,814,14,Email,2023-12-20T13:13:00,14
1814,815,15,Meeting,2023-12-21T14:14:00,15
1815,816,16,Call,2023-12-22T15:15:00,16
1816,817,17,Email,2023-12-23T16:16:00,17
1817,818,18,Meeting,2023-12-24T17:17:00,18
1818,819,19,Call,2023-12-25T18:18:00,19
1819,820,20,Email,2023-12-26T19:19:00,20
1820,821,21,Meeting,2023-12-27T20:20:00,21
1821,822,22,Call,2023-12-28T21:21:00,22
1822,823,23,Email,2023-12-29T22:22:00,23
1823,824,24,Meeting,2023-12-30T23:23:00,24
1824,825,25,Call,2023-12-31T00:24:00,25
1825,826,26,Email,2023-01-01T01:25:00,26
1826,827,27,Meeting,2023-01-02T02:26:00,27
1827,828,28,Call,2023-01-03T03:27:00,28
1828,829,29,Email,2023-01-04T04:28:00,29
1829,830,30,Meeting,2023-01-05T05:29:00,30
1830,831,31,Call,2023-01-06T06:30:00,31
1831,832,32,Email,2023-01-07T07:31:00,32
1832,833,33,Meeting,2023-01-08T08:32:00,33
1833,834,34,Call,2023-01-09T09:33:00,34
1834,835,35,Email,2023-01-10T10:34:00,35
1835,836,36,Meeting,2023-01-11T11:35:00,36
1836,837,37,Call,2023-01-12T12:36:00,37
1837,838,38,Email,2023-01-13T13:37:00,38
1838,839,39,Meeting,2023-01-14T14:38:00,39
1839,840,40,Call,2023-01-15T15:39:00,40
1840,841,41,Email,2023-01-16T16:40:00,41
1841,842,42,Meeting,2023-01-17T17:41:00,42
1842,843,43,Call,2023-01-18T18:42:00,43
1843,844,44,Email,2023-01-19T19:43:00,44
1844,845,45,Meeting,2023-01-20T20:44:00,45
1845,846,46,Call,2023-01-21T21:45:00,46
1846,847,47,Email,2023-01-22T22:46:00,47
1847,848,48,Meeting,2023-01-23T23:47:00,48
1848,849,49,Call,2023-01-24T00:48:00,49
1849,850,50,Email,2023-01-25T01:49:00,50
1850,851,51,Meeting,2023-01-26T02:50:00,51
1851,852,52,Call,2023-01-27T03:51:00,52
1852,853,53,Email,2023-01-28T04:52:00,53
1853,854,54,Meeting,2023-01-29T05:53:00,54
1854,855,55,Call,2023-01-30T06:54:00,55
1855,856,56,Email,2023-01-31T07:55:00,56
1856,857,57,Meeting,2023-02-01T08:56:00,57
1857,858,58,Call,2023-02-02T09:57:00,58
1858,859,59,Email,2023-02-03T10:58:00,59
1859,860,60,Meeting,2023-02-04T11:59:00,60
1860,861,61,Call,2023-02-05T12:00:00,1
1861,862,62,Email,2023-02-06T13:01:00,2
1862,863,63,Meeting,2023-02-07T14:02:00,3
1863,864,64,Call,2023-02-08T15:03:00,4
1864,865,65,Email,2023-02-09T16:04:00,5
1865,866,66,Meeting,2023-02-10T17:05:00,6
1866,867,67,Call,2023-02-11T18:06:00,7
1867,868,68,Email,2023-02-12T19:07:00,8
1868,869,69,Meeting,2023-02-13T20:08:00,9
1869,870,70,Call,2023-02-14T21:09:00,10
1870,871,71,Email,2023-02-15T22:10:00,11
1871,872,72,Meeting,2023-02-16T23:11:00,12
1872,873,73,Call,2023-02-17T00:12:00,13
1873,874,74,Email,2023-02-18T01:13:00,14
1874,875,75,Meeting,2023-02-19T02:14:00,15
1875,876,76,Call,2023-02-20T03:15:00,16
1876,877,77,Email,2023-02-21T04:16:00,17
1877,878,78,Meeting,2023-02-22T05:17:00,18
1878,879,79,Call,2023-02-23T06:18:00,19
1879,880,80,Email,2023-02-24T07:19:00,20
1880,881,81,Meeting,2023-02-25T08:20:00,21
1881,882,82,Call,2023-02-26T09:21:00,22
1882,883,83,Email,2023-02-27T10:22:00,23
1883,884,84,Meeting,2023-02-28T11:23:00,24
1884,885,85,Call,2023-03-01T12:24:00,25
1885,886,86,Email,2023-03-02T13:25:00,26
1886,887,87,Meeting,2023-03-03T14:26:00,27
1887,888,88,Call,2023-03-04T15:27:00,28
1888,889,89,Email,2023-03-05T16:28:00,29
1889,890,90,Meeting,2023-03-06T17:29:00,30
1890,891,91,Call,2023-03-07T18:30:00,31
1891,892,92,Email,2023-03-08T19:31:00,32
1892,893,93,Meeting,2023-03-09T20:32:00,33
1893,894,94,Call,2023-03-10T21:33:00,34
1894,895,95,Email,2023-03-11T22:34:00,35
1895,896,96,Meeting,2023-03-12T23:35:00,36
1896,897,97,Call,2023-03-13T00:36:00,37
1897,898,98,Email,2023-03-14T01:37:00,38
1898,899,99,Meeting,2023-03-15T02:38:00,39
1899,900,100,Call,2023-03-16T03:39:00,40
1900,901,1,Email,2023-03-17T04:40:00,41
1901,902,2,Meeting,2023-03-18T05:41:00,42
1902,903,3,Call,2023-03-19T06:42:00,43
1903,904,4,Email,2023-03-20T07:43:00,44
1904,905,5,Meeting,2023-03-21T08:44:00,45
1905,906,6,Call,2023-03-22T09:45:00,46
1906,907,7,Email,2023-03-23T10:46:00,47
1907,908,8,Meeting,2023-03-24T11:47:00,48
1908,909,9,Call,2023-03-25T12:48:00,49
1909,910,10,Email,2023-03-26T13:49:00,50
1910,911,11,Meeting,2023-03-27T14:50:00,51
1911,912,12,Call,2023-03-28T15:51:00,52
1912,913,13,Email,2023-03-29T16:52:00,53
1913,914,14,Meeting,2023-03-30T17:53:00,54
1914,915,15,Call,2023-03-31T18:54:00,55
1915,916,16,Email,2023-04-01T19:55:00,56
1916,917,17,Meeting,2023-04-02T20:56:00,57
1917,918,18,Call,2023-04-03T21:57:00,58
1918,919,19,Email,2023-04-04T22:58:00,59
1919,920,20,Meeting,2023-04-05T23:59:00,60
1920,921,21,Call,2023-04-06T00:00:00,1
1921,922,22,Email,2023-04-07T01:01:00,2
1922,923,23,Meeting,2023-04-08T02:02:00,3
1923,924,24,Call,2023-04-09T03:03:00,4
1924,925,25,Email,2023-04-10T04:04:00,5
1925,926,26,Meeting,2023-04-11T05:05:00,6
1926,927,27,Call,2023-04-12T06:06:00,7
1927,928,28,Email,2023-04-13T07:07:00,8
1928,929,29,Meeting,2023-04-14T08:08:00,9
1929,930,30,Call,2023-04-15T09:09:00,10
1930,931,31,Email,2023-04-16T10:10:00,11
1931,932,32,Meeting,2023-04-17T11:11:00,12
1932,933,33,Call,2023-04-18T12:12:00,13
1933,934,34,Email,2023-04-19T13:13:00,14
1934,935,35,Meeting,2023-04-20T14:14:00,15
1935,936,36,Call,2023-04-21T15:15:00,16
1936,937,37,Email,2023-04-22T16:16:00,17
1937,938,38,Meeting,2023-04-23T17:17:00,18
1938,939,39,Call,2023-04-24T18:18:00,19
1939,940,40,Email,2023-04-25T19:19:00,20
1940,941,41,Meeting,2023-04-26T20:20:00,21
1941,942,42,Call,2023-04-27T21:21:00,22
1942,943,43,Email,2023-04-28T22:22:00,23
1943,944,44,Meeting,2023-04-29T23:23:00,24
1944,945,45,Call,2023-04-30T00:24:00,25
1945,946,46,Email,2023-05-01T01:25:00,26
1946,947,47,Meeting,2023-05-02T02:26:00,27
1947,948,48,Call,2023-05-03T03:27:00,28
1948,949,49,Email,2023-05-04T04:28:00,29
1949,950,50,Meeting,2023-05-05T05:29:00,30
1950,951,51,Call,2023-05-06T06:30:00,31
1951,952,52,Email,2023-05-07T07:31:00,32
1952,953,53,Meeting,2023-05-08T08:32:00,33
1953,954,54,Call,2023-05-09T09:33:00,34
1954,955,55,Email,2023-05-10T10:34:00,35
1955,956,56,Meeting,2023-05-11T11:35:00,36
1956,957,57,Call,2023-05-12T12:36:00,37
1957,958,58,Email,2023-05-13T13:37:00,38
1958,959,59,Meeting,2023-05-14T14:38:00,39
1959,960,60,Call,2023-05-15T15:39:00,40
1960,961,61,Email,2023-05-16T16:40:00,41
1961,962,62,Meeting,2023-05-17T17:41:00,42
1962,963,63,Call,2023-05-18T18:42:00,43
1963,964,64,Email,2023-05-19T19:43:00,44
1964,965,65,Meeting,2023-05-20T20:44:00,45
1965,966,66,Call,2023-05-21T21:45:00,46
1966,967,67,Email,2023-05-22T22:46:00,47
1967,968,68,Meeting,2023-05-23T23:47:00,48
1968,969,69,Call,2023-05-24T00:48:00,49
1969,970,70,Email,2023-05-25T01:49:00,50
1970,971,71,Meeting,2023-05-26T02:50:00,51
1971,972,72,Call,2023-05-27T03:51:00,52
1972,973,73,Email,2023-05-28T04:52:00,53
1973,974,74,Meeting,2023-05-29T05:53:00,54
1974,975,75,Call,2023-05-30T06:54:00,55
1975,976,76,Email,2023-05-31T07:55:00,56
1976,977,77,Meeting,2023-06-01T08:56:00,57
1977,978,78,Call,2023-06-02T09:57:00,58
1978,979,79,Email,2023-06-03T10:58:00,59
1979,980,80,Meeting,2023-06-04T11:59:00,60
1980,981,81,Call,2023-06-05T12:00:00,1
1981,982,82,Email,2023-06-06T13:01:00,2
1982,983,83,Meeting,2023-06-07T14:02:00,3
1983,984,84,Call,2023-06-08T15:03:00,4
1984,985,85,Email,2023-06-09T16:04:00,5
1985,986,86,Meeting,2023-06-10T17:05:00,6
1986,987,87,Call,2023-06-11T18:06:00,7
1987,988,88,Email,2023-06-12T19:07:00,8
1988,989,89,Meeting,2023-06-13T20:08:00,9
1989,990,90,Call,2023-06-14T21:09:00,10
1990,991,91,Email,2023-06-15T22:10:00,11
1991,992,92,Meeting,2023-06-16T23:11:00,12
1992,993,93,Call,2023-06-17T00:12:00,13
1993,994,94,Email,2023-06-18T01:13:00,14
1994,995,95,Meeting,2023-06-19T02:14:00,15
1995,996,96,Call,2023-06-20T03:15:00,16
1996,997,97,Email,2023-06-21T04:16:00,17
1997,998,98,Meeting,2023-06-22T05:17:00,18
1998,999,99,Call,2023-06-23T06:18:00,19
1999,1000,100,Email,2023-06-24T07:19:00,20
2000,1,1,Meeting,2023-06-25T08:20:00,21
